scenario,event_cost,section_effectiveness,selected_sections,section_treatment_cost,section_predicted_burden,section_actual_holdout_events,spot_premium,spot_effectiveness,spot_horizon_days,threshold,baseline_cost,policy_cost,cost_saving,cost_saving_pct,expected_events,expected_prevented_events_total,event_reduction_pct,expected_spot_interventions,spot_intervention_rate,expected_prevented_by_spot,events_initially_in_selected_sections,selected_section_event_share,nominal_flagged_rate_before_prevention
integrated_authority_conservative,155.3,0.45,1840,763340.0,18321.986685667493,22961,75.0,0.5,14,0.2,7665608.000000001,7140440.749308306,525167.2506916951,0.0685095364505588,32312.663710091376,17047.336289908624,0.3453674288879381,18119.254335091344,0.36708375881465444,6714.88628990862,22961,0.4651742301458671,0.963128038897893
integrated_authority_conservative,155.3,0.45,1840,763340.0,18321.986685667493,22961,75.0,0.5,14,0.225,7665608.000000001,7087190.321533767,578417.6784662344,0.07545620366528451,32438.169003623774,16921.830996376226,0.34282477707407266,17149.369003623753,0.3474345422127989,6589.380996376227,22961,0.4651742301458671,0.9338735818476499
integrated_authority_conservative,155.3,0.45,1840,763340.0,18321.986685667493,22961,75.0,0.5,14,0.25,7665608.000000001,7014056.768476146,651551.2315238547,0.08499668017512174,32645.904370177755,16714.095629822245,0.33861619995588016,15744.104263845375,0.31896483516704566,6381.645629822229,22961,0.4651742301458671,0.8877228525121555
integrated_authority_conservative,155.3,0.45,1840,763340.0,18321.986685667493,22961,75.0,0.5,14,0.275,7665608.000000001,6935036.566725254,730571.4332747469,0.0953050864686463,32949.62283362348,16410.377166376522,0.3324630706316151,14061.60187552653,0.28487848208116956,6077.927166376514,22961,0.4651742301458671,0.8280591572123177
integrated_authority_conservative,155.3,0.45,1840,763340.0,18321.986685667493,22961,75.0,0.5,14,0.3,7665608.000000001,6866223.487158537,799384.512841464,0.10428194512965755,33257.16705543268,16102.832944567323,0.32623243404714997,12507.272579345625,0.2533888285929016,5770.382944567308,22961,0.4651742301458671,0.7726904376012966
integrated_authority_conservative,155.3,0.45,1840,763340.0,18321.986685667493,22961,75.0,0.5,14,0.325,7665608.000000001,6814316.780001925,851291.2199980756,0.11105332023214277,33559.178730969754,15800.821269030246,0.3201138830840812,11189.817641113174,0.22669808835318422,5468.371269030241,22961,0.4651742301458671,0.7213128038897894
integrated_authority_conservative,155.3,0.45,1840,763340.0,18321.986685667493,22961,75.0,0.5,14,0.35,7665608.000000001,6772990.169582556,892617.8304174449,0.11644449212866674,33814.536134059505,15545.463865940495,0.31494051592261946,10110.036106191435,0.20482244947713604,5213.013865940492,22961,0.4651742301458671,0.6726904376012965
integrated_authority_conservative,155.3,0.45,1840,763340.0,18321.986685667493,22961,75.0,0.5,14,0.375,7665608.000000001,6738989.355509657,926618.6444903435,0.12087999340565594,34058.44228851788,15301.55771148212,0.3099991432634141,9151.643574721887,0.18540606917994099,4969.107711482117,22961,0.4651742301458671,0.6243922204213939
integrated_authority_conservative,155.3,0.45,1840,763340.0,18321.986685667493,22961,75.0,0.5,14,0.4,7665608.000000001,6712180.90486516,953427.0951348413,0.1243772307604095,34344.68001943963,15015.319980560373,0.30420016168072067,8201.494637967682,0.16615669850015563,4682.869980560377,22961,0.4651742301458671,0.5722649918962723
integrated_authority_conservative,155.3,0.45,1840,763340.0,18321.986685667493,22961,75.0,0.5,14,0.425,7665608.000000001,6689491.224951279,976116.7750487216,0.12733716295546568,34633.76521844815,14726.234781551851,0.29834349233289814,7300.366487036649,0.1479004555720553,4393.784781551849,22961,0.4651742301458671,0.5209481361426256
integrated_authority_conservative,155.3,0.45,1840,763340.0,18321.986685667493,22961,75.0,0.5,14,0.45,7665608.000000001,6672849.685165762,992758.314834239,0.12950809835752608,34912.48856610728,14447.511433892723,0.292696747039966,6501.336144677903,0.13171264474631084,4115.061433892737,22961,0.4651742301458671,0.4720421393841167
integrated_authority_conservative,155.3,0.45,1840,763340.0,18321.986685667493,22961,75.0,0.5,14,0.475,7665608.000000001,6662413.691628552,1003194.3083714489,0.13086950289806742,35189.79774727418,14170.202252725823,0.2870786517975248,5787.974686379811,0.11726042719570119,3837.7522527258448,22961,0.4651742301458671,0.42518233387358184
integrated_authority_conservative,155.3,0.45,1840,763340.0,18321.986685667493,22961,75.0,0.5,14,0.5,7665608.000000001,6652131.939797881,1013476.0602021199,0.13221078617666332,35416.48407399783,13943.515926002168,0.2824861411264621,5181.492841435831,0.10497351785728994,3611.065926002196,22961,0.4651742301458671,0.3833670988654781
integrated_authority_conservative,155.3,0.45,1840,763340.0,18321.986685667493,22961,75.0,0.5,14,0.525,7665608.000000001,6650829.124699398,1014778.875300603,0.1323807420495025,35680.41540239082,13679.58459760918,0.2771390720747403,4617.608169464734,0.09354959824685441,3347.1345976092125,22961,0.4651742301458671,0.3436588330632091
integrated_authority_conservative,155.3,0.45,1840,763340.0,18321.986685667493,22961,75.0,0.5,14,0.55,7665608.000000001,6649621.352948547,1015986.6470514536,0.1325382992518602,35930.17145054244,13429.828549457561,0.2720791845514093,4084.343022414758,0.08274600936820822,3097.3785494575777,22961,0.4651742301458671,0.30567260940032415
integrated_authority_conservative,155.3,0.45,1840,763340.0,18321.986685667493,22961,75.0,0.5,14,0.575,7665608.000000001,6652644.588174258,1012963.4118257426,0.13214390976237533,36193.840165606096,13166.159834393904,0.26673743586697535,3578.682806099915,0.07250167759521708,2833.7098343939215,22961,0.4651742301458671,0.26952998379254456
integrated_authority_conservative,155.3,0.45,1840,763340.0,18321.986685667493,22961,75.0,0.5,14,0.6,7665608.000000001,6661613.504867521,1003994.4951324798,0.13097388949871683,36490.09321203267,12869.906787967331,0.26073555080971095,3084.827053876884,0.062496496229272364,2537.4567879673373,22961,0.4651742301458671,0.23397487844408427
integrated_authority_conservative,155.3,0.45,1840,763340.0,18321.986685667493,22961,75.0,0.5,14,0.625,7665608.000000001,6669859.65564851,995748.344351491,0.12989815606948474,36747.16830360532,12612.831696394678,0.2555273844488387,2662.45890800787,0.0539396051055079,2280.381696394689,22961,0.4651742301458671,0.20135737439222043
integrated_authority_conservative,155.3,0.45,1840,763340.0,18321.986685667493,22961,75.0,0.5,14,0.65,7665608.000000001,6678874.900972868,986733.0990271326,0.12872209210634467,37008.52619887802,12351.473801121982,0.2502324514003643,2241.477097188873,0.04541080018616031,2019.0238011219838,22961,0.4651742301458671,0.17040113452188008
integrated_authority_conservative,155.3,0.45,1840,763340.0,18321.986685667493,22961,75.0,0.5,14,0.675,7665608.000000001,6690512.087454103,975095.912545898,0.12720398858719334,37254.79558730081,12105.20441269919,0.24524320122972426,1886.6977699787292,0.03822321251982839,1772.7544126991907,22961,0.4651742301458671,0.14280794165316046
integrated_authority_conservative,155.3,0.45,1840,763340.0,18321.986685667493,22961,75.0,0.5,14,0.7,7665608.000000001,6704928.847824334,960679.1521756668,0.12532328188131545,37505.873769645215,11854.126230354785,0.2401565281676415,1559.022018674618,0.03158472485159275,1521.6762303547864,22961,0.4651742301458671,0.11774716369529983
integrated_authority_conservative,155.3,0.45,1840,763340.0,18321.986685667493,22961,75.0,0.5,14,0.725,7665608.000000001,6716693.585760479,948914.4142395221,0.1237885389181813,37740.06359166223,11619.936408337773,0.23541200178966315,1230.9561330342085,0.024938333327273268,1287.4864083377752,22961,0.4651742301458671,0.09288897893030794
integrated_authority_conservative,155.3,0.45,1840,763340.0,18321.986685667493,22961,75.0,0.5,14,0.75,7665608.000000001,6731665.8421547,933942.1578453006,0.12183536620256352,37977.73116372299,11382.268836277013,0.23059701856314857,938.4558990771758,0.019012477696052993,1049.8188362770131,22961,0.4651742301458671,0.0715964343598055
integrated_authority_conservative,155.3,0.45,1840,763340.0,18321.986685667493,22961,75.0,0.5,14,0.775,7665608.000000001,6744808.294926134,920799.705073867,0.12012089648647138,38183.85619604081,11176.143803959189,0.22642106572040496,686.8723691107799,0.01391556663514546,843.6938039591936,22961,0.4651742301458671,0.05393030794165316
integrated_authority_conservative,155.3,0.45,1840,763340.0,18321.986685667493,22961,75.0,0.5,14,0.8,7665608.000000001,6762041.422897946,903566.5771020548,0.11787278675116895,38391.24716470744,10968.752835292558,0.22221946586897404,487.20984295015745,0.009870539768033985,636.3028352925635,22961,0.4651742301458671,0.03853322528363047
integrated_authority_conservative,155.3,0.45,1840,763340.0,18321.986685667493,22961,75.0,0.5,14,0.825,7665608.000000001,6778870.3720024945,886737.6279975064,0.11567740327936235,38585.44034021353,10774.559659786471,0.21828524432306465,309.4864955966297,0.006269985729267215,442.10965978647005,22961,0.4651742301458671,0.026195299837925446
integrated_authority_conservative,155.3,0.45,1840,763340.0,18321.986685667493,22961,75.0,0.5,14,0.85,7665608.000000001,6789898.923943552,875709.0760564487,0.11423869783798606,38710.64325467012,10649.356745329882,0.21574871850344168,197.28035327629846,0.003996765666051428,316.9067453298832,22961,0.4651742301458671,0.016997568881685576
integrated_authority_conservative,155.3,0.45,1840,763340.0,18321.986685667493,22961,75.0,0.5,14,0.875,7665608.000000001,6802645.712315873,862962.2876841277,0.11257584364920925,38831.32299123046,10528.67700876954,0.21330382918901014,117.35002373671257,0.0023774315992040633,196.22700876954494,22961,0.4651742301458671,0.010149918962722852
integrated_authority_conservative,155.3,0.45,1840,763340.0,18321.986685667493,22961,75.0,0.5,14,0.9,7665608.000000001,6810860.879556964,854747.1204430368,0.11150415210940041,38911.02687998316,10448.973120016839,0.21168908265836384,61.84540130770163,0.001252945731517456,116.52312001684265,22961,0.4651742301458671,0.0059359805510534845
integrated_authority_conservative,155.3,0.45,1840,763340.0,18321.986685667493,22961,75.0,0.5,14,1.001,7665608.000000001,6824318.514997478,841289.4850025233,0.10974856593273791,39027.55,10332.449999999997,0.20932840356564014,0.0,0.0,0.0,22961,0.4651742301458671,0.0
integrated_authority_good_ops,155.3,0.6,2971,1197770.0,23695.59847484786,29084,75.0,0.6,14,0.2,7665608.000000001,6381124.157206767,1284483.8427932337,0.16756450927222388,26740.09882937563,22619.90117062437,0.4582638000531679,13741.5574533748,0.27839459994681526,5169.501170624274,29084,0.5892220421393841,0.963128038897893
integrated_authority_good_ops,155.3,0.6,2971,1197770.0,23695.59847484786,29084,75.0,0.6,14,0.225,7665608.000000001,6337259.077309034,1328348.922690967,0.17328683161087377,26845.391564513702,22514.608435486298,0.4561306409134177,12938.663564512935,0.26212851629888445,5064.208435486167,29084,0.5892220421393841,0.9338735818476499
integrated_authority_good_ops,155.3,0.6,2971,1197770.0,23695.59847484786,29084,75.0,0.6,14,0.25,7665608.000000001,6279375.709139918,1386232.290860083,0.1808378788558041,27012.853520594017,22347.146479405983,0.4527379756767825,11820.127431868383,0.23946773565373547,4896.7464794058,29084,0.5892220421393841,0.8877228525121555
integrated_authority_good_ops,155.3,0.6,2971,1197770.0,23695.59847484786,29084,75.0,0.6,14,0.275,7665608.000000001,6217510.9925452275,1448097.0074547734,0.18890830413644596,27261.241779614567,22098.758220385433,0.4477057986301749,10480.93525559483,0.21233661376812865,4648.358220385167,29084,0.5892220421393841,0.8280591572123177
integrated_authority_good_ops,155.3,0.6,2971,1197770.0,23695.59847484786,29084,75.0,0.6,14,0.3,7665608.000000001,6165227.8066033255,1500380.1933966754,0.19572879194927204,27511.46220503047,21848.53779496953,0.44263650313957714,9265.703015475876,0.1877168358078581,4398.1377949691805,29084,0.5892220421393841,0.7726904376012966
integrated_authority_good_ops,155.3,0.6,2971,1197770.0,23695.59847484786,29084,75.0,0.6,14,0.325,7665608.000000001,6125923.363323778,1539684.636676223,0.20085616648754057,27752.038617292455,21607.961382707545,0.4377625887906715,8243.490214092151,0.16700750028549738,4157.561382707137,29084,0.5892220421393841,0.7213128038897894
integrated_authority_good_ops,155.3,0.6,2971,1197770.0,23695.59847484786,29084,75.0,0.6,14,0.35,7665608.000000001,6095327.207571567,1570280.792428434,0.20484752056567904,27950.07405488564,21409.92594511436,0.4337505256303557,7425.476091286859,0.15043509099041447,3959.5259451139514,29084,0.5892220421393841,0.6726904376012965
integrated_authority_good_ops,155.3,0.6,2971,1197770.0,23695.59847484786,29084,75.0,0.6,14,0.375,7665608.000000001,6070888.762878112,1594719.2371218894,0.20803558401654365,28132.148509940733,21227.851490059267,0.4300618211114114,6722.614657107325,0.13619559678094256,3777.4514900588933,29084,0.5892220421393841,0.6243922204213939
integrated_authority_good_ops,155.3,0.6,2971,1197770.0,23695.59847484786,29084,75.0,0.6,14,0.4,7665608.000000001,6055026.120603837,1610581.8793961639,0.21010491006012355,28353.01902599465,21006.98097400535,0.42558713480561894,6053.763544875379,0.12264512854285614,3556.5809740050045,29084,0.5892220421393841,0.5722649918962723
integrated_authority_good_ops,155.3,0.6,2971,1197770.0,23695.59847484786,29084,75.0,0.6,14,0.425,7665608.000000001,6040297.009006297,1625310.9909937037,0.21202636385707482,28562.10547796124,20797.89452203876,0.42135118561666857,5424.427043703391,0.10989519942672997,3347.4945220384507,29084,0.5892220421393841,0.5209481361426256
integrated_authority_good_ops,155.3,0.6,2971,1197770.0,23695.59847484786,29084,75.0,0.6,14,0.45,7665608.000000001,6031138.865139776,1634469.134860225,0.21322106933464702,28770.007522629305,20589.992477370695,0.4171392317133447,4871.822624991149,0.09869981006870236,3139.592477370422,29084,0.5892220421393841,0.4720421393841167
integrated_authority_good_ops,155.3,0.6,2971,1197770.0,23695.59847484786,29084,75.0,0.6,14,0.475,7665608.000000001,6024403.916500307,1641204.0834996942,0.21409966221853427,28970.544829591316,20389.455170408684,0.41307648238267186,4366.777392849405,0.08846793745643042,2939.0551704084373,29084,0.5892220421393841,0.42518233387358184
integrated_authority_good_ops,155.3,0.6,2971,1197770.0,23695.59847484786,29084,75.0,0.6,14,0.5,7665608.000000001,6016688.241784854,1648919.758215147,0.21510619356157357,29140.95498778942,20219.04501221058,0.40962408857801014,3911.0390957350564,0.0792349897839355,2768.645012210366,29084,0.5892220421393841,0.3833670988654781
integrated_authority_good_ops,155.3,0.6,2971,1197770.0,23695.59847484786,29084,75.0,0.6,14,0.525,7665608.000000001,6016334.663245151,1649273.33675485,0.2151523188708384,29345.683059774066,20014.316940225934,0.4054764372006875,3482.4011208166853,0.070551076191586,2563.916940225753,29084,0.5892220421393841,0.3436588330632091
integrated_authority_good_ops,155.3,0.6,2971,1197770.0,23695.59847484786,29084,75.0,0.6,14,0.55,7665608.000000001,6015966.411994443,1649641.5880055577,0.21520035827628511,29532.81866842951,19827.18133157049,0.40168519715499373,3089.995637151872,0.06260120820810114,2376.7813315703406,29084,0.5892220421393841,0.30567260940032415
integrated_authority_good_ops,155.3,0.6,2971,1197770.0,23695.59847484786,29084,75.0,0.6,14,0.575,7665608.000000001,6018711.451271009,1646896.5487289922,0.21484226022632413,29735.570609968487,19624.429390031513,0.3975775808353224,2706.764473893246,0.05483720571096527,2174.0293900313923,29084,0.5892220421393841,0.26952998379254456
integrated_authority_good_ops,155.3,0.6,2971,1197770.0,23695.59847484786,29084,75.0,0.6,14,0.6,7665608.000000001,6025247.4338318575,1640360.5661681434,0.21398962302378927,29949.256417263256,19410.743582736744,0.3932484518382647,2351.4388297332926,0.04763855003511533,1960.3435827366554,29084,0.5892220421393841,0.23397487844408427
integrated_authority_good_ops,155.3,0.6,2971,1197770.0,23695.59847484786,29084,75.0,0.6,14,0.625,7665608.000000001,6033828.394385511,1631779.6056144899,0.2128702127234382,30156.094088814454,19203.905911185546,0.3890580614097558,2037.5597652240742,0.04127957384975839,1753.5059111854873,29084,0.5892220421393841,0.20135737439222043
integrated_authority_good_ops,155.3,0.6,2971,1197770.0,23695.59847484786,29084,75.0,0.6,14,0.65,7665608.000000001,6038822.037824688,1626785.9621753134,0.21221877797238173,30344.27206827384,19015.72793172616,0.38524570364112964,1714.487808279736,0.034734355921388495,1565.3279317261188,29084,0.5892220421393841,0.17040113452188008
integrated_authority_good_ops,155.3,0.6,2971,1197770.0,23695.59847484786,29084,75.0,0.6,14,0.675,7665608.000000001,6047296.377384048,1618311.622615953,0.21111327667889523,30520.633599869536,18839.366400130464,0.3816727390626107,1462.2930576475549,0.02962506194585808,1388.9664001304488,29084,0.5892220421393841,0.14280794165316046
integrated_authority_good_ops,155.3,0.6,2971,1197770.0,23695.59847484786,29084,75.0,0.6,14,0.7,7665608.000000001,6057313.841606409,1608294.1583935916,0.20980647045786732,30705.957109252733,18654.042890747267,0.3779182109146529,1212.1160338499928,0.024556645742503908,1203.6428907472703,29084,0.5892220421393841,0.11774716369529983
integrated_authority_good_ops,155.3,0.6,2971,1197770.0,23695.59847484786,29084,75.0,0.6,14,0.725,7665608.000000001,6067656.595548638,1597951.4044513628,0.20845722928323004,30890.906285321136,18469.093714678864,0.37417126650483923,967.0513258343294,0.01959180157687053,1018.6937146788911,29084,0.5892220421393841,0.09288897893030794
integrated_authority_good_ops,155.3,0.6,2971,1197770.0,23695.59847484786,29084,75.0,0.6,14,0.75,7665608.000000001,6081202.585075343,1584405.414924658,0.20669011706894713,31090.046380190615,18269.953619809385,0.37013682374006046,735.3117630814118,0.014896915783659072,819.5536198094023,29084,0.5892220421393841,0.0715964343598055
integrated_authority_good_ops,155.3,0.6,2971,1197770.0,23695.59847484786,29084,75.0,0.6,14,0.775,7665608.000000001,6092886.180925578,1572721.819074423,0.20516595931782877,31258.600240609267,18101.399759390733,0.3667220372648042,542.0741807780104,0.010982053905551264,650.9997593907483,29084,0.5892220421393841,0.05393030794165316
integrated_authority_good_ops,155.3,0.6,2971,1197770.0,23695.59847484786,29084,75.0,0.6,14,0.8,7665608.000000001,6107797.771912843,1557810.228087158,0.20322070057419553,31431.268020840715,17928.731979159285,0.3632239055745398,383.3579770095295,0.007766571657405379,478.33197915930197,29084,0.5892220421393841,0.03853322528363047
integrated_authority_good_ops,155.3,0.6,2971,1197770.0,23695.59847484786,29084,75.0,0.6,14,0.825,7665608.000000001,6120828.649161662,1544779.350838339,0.20152078619704253,31584.279551637275,17775.720448362725,0.36012399611755924,240.26713055815867,0.0048676485121182875,325.3204483627305,29084,0.5892220421393841,0.026195299837925446
integrated_authority_good_ops,155.3,0.6,2971,1197770.0,23695.59847484786,29084,75.0,0.6,14,0.85,7665608.000000001,6130462.943604966,1535145.0563950352,0.20026396554520334,31692.09759928604,17667.90240071396,0.35793967586535574,145.4691524711987,0.002947106006304674,217.50240071396277,29084,0.5892220421393841,0.016997568881685576
integrated_authority_good_ops,155.3,0.6,2971,1197770.0,23695.59847484786,29084,75.0,0.6,14,0.875,7665608.000000001,6138318.055528156,1527289.9444718445,0.19923924422848707,31769.947120036853,17590.052879963147,0.35636249756813504,89.00357047925812,0.001803151752010902,139.65287996315328,29084,0.5892220421393841,0.010149918962722852
integrated_authority_good_ops,155.3,0.6,2971,1197770.0,23695.59847484786,29084,75.0,0.6,14,0.9,7665608.000000001,6145396.639545195,1520211.3604548061,0.19831582314864077,31837.5627851376,17522.4372148624,0.3549926502200648,43.37518683803557,0.0008787517592794888,72.03721486240326,29084,0.5892220421393841,0.0059359805510534845
integrated_authority_good_ops,155.3,0.6,2971,1197770.0,23695.59847484786,29084,75.0,0.6,14,1.001,7665608.000000001,6153330.880000457,1512277.1199995438,0.19728077929363771,31909.600000000006,17450.399999999994,0.35353322528363035,0.0,0.0,0.0,29084,0.5892220421393841,0.0
integrated_moderate_asset,272.8,0.65,837,1359350.0,11609.34276527297,15287,125.0,0.6,30,0.2,13465408.0,11457394.981117934,2008013.018882066,0.14912381554885423,27609.451231552932,21750.548768447068,0.44065131216464887,20529.49348115318,0.4159135632324388,11813.998768448475,15287,0.3097042139384117,0.963128038897893
integrated_moderate_asset,272.8,0.65,837,1359350.0,11609.34276527297,15287,125.0,0.6,30,0.225,13465408.0,11388184.996439816,2077223.0035601836,0.15426365124325855,27834.39280542181,21525.60719457819,0.4360941489987478,19484.901112916512,0.3947508329197024,11589.057194579555,15287,0.3097042139384117,0.9338735818476499
integrated_moderate_asset,272.8,0.65,837,1359350.0,11609.34276527297,15287,125.0,0.6,30,0.25,13465408.0,11301021.446211126,2164386.5537888743,0.1607367971166469,28219.82105239743,21140.17894760257,0.42828563508108936,17946.434104886896,0.3635825385917118,11203.628947603755,15287,0.3097042139384117,0.8877228525121555
integrated_moderate_asset,272.8,0.65,837,1359350.0,11609.34276527297,15287,125.0,0.6,30,0.275,13465408.0,11210719.601751016,2254688.3982489835,0.16744300642423784,28753.132196866318,20606.867803133682,0.41748111432604706,16060.12110751586,0.32536712130299555,10670.31780313473,15287,0.3097042139384117,0.8280591572123177
integrated_moderate_asset,272.8,0.65,837,1359350.0,11609.34276527297,15287,125.0,0.6,30,0.3,13465408.0,11136809.267776215,2328598.7322237846,0.1729319105833098,29280.44605260174,20079.55394739826,0.4067980945583116,14318.028676959546,0.2900735145251124,10143.00394739918,15287,0.3097042139384117,0.7726904376012966
integrated_moderate_asset,272.8,0.65,837,1359350.0,11609.34276527297,15287,125.0,0.6,30,0.325,13465408.0,11095317.790089432,2370090.209910568,0.17601324890493983,29808.932039147086,19551.067960852914,0.3960913282182519,12832.729038428237,0.25998235491143107,9614.51796085376,15287,0.3097042139384117,0.7213128038897894
integrated_moderate_asset,272.8,0.65,837,1359350.0,11609.34276527297,15287,125.0,0.6,30,0.35,13465408.0,11073582.050016347,2391825.9499836527,0.1776274398802957,30306.358633576958,19053.641366423042,0.38601380401991575,11573.259318159313,0.2344663557163556,9117.09136642378,15287,0.3097042139384117,0.6726904376012965
integrated_moderate_asset,272.8,0.65,837,1359350.0,11609.34276527297,15287,125.0,0.6,30,0.375,13465408.0,11051830.114085108,2413577.885914892,0.17924283363080362,30754.505733611775,18605.494266388225,0.3769346488328246,10421.207599592726,0.21112657211492558,8668.944266388884,15287,0.3097042139384117,0.6243922204213939
integrated_moderate_asset,272.8,0.65,837,1359350.0,11609.34276527297,15287,125.0,0.6,30,0.4,13465408.0,11052302.290636323,2413105.7093636766,0.17920776773816854,31274.340622570544,18085.659377429456,0.36640314784095335,9290.497350338102,0.18821915215433757,8149.10937742998,15287,0.3097042139384117,0.5722649918962723
integrated_moderate_asset,272.8,0.65,837,1359350.0,11609.34276527297,15287,125.0,0.6,30,0.425,13465408.0,11065873.274520308,2399534.725479692,0.17819992721198588,31808.31992123025,17551.68007876975,0.35558509073682637,8233.708800013921,0.1668093354946094,7615.130078770202,15287,0.3097042139384117,0.5209481361426256
integrated_moderate_asset,272.8,0.65,837,1359350.0,11609.34276527297,15287,125.0,0.6,30,0.45,13465408.0,11094309.759021593,2371098.2409784067,0.17608810969399566,32348.62172495183,17011.37827504817,0.34463894398395806,7282.046019581039,0.14752929537238735,7074.828275048504,15287,0.3097042139384117,0.4720421393841167
integrated_moderate_asset,272.8,0.65,837,1359350.0,11609.34276527297,15287,125.0,0.6,30,0.475,13465408.0,11124490.246301215,2340917.753698785,0.1738467749138225,32840.101146640234,16519.898853359766,0.3346819054570455,6450.885227924171,0.1306905435154816,6583.34885335995,15287,0.3097042139384117,0.42518233387358184
integrated_moderate_asset,272.8,0.65,837,1359350.0,11609.34276527297,15287,125.0,0.6,30,0.5,13465408.0,11156687.01885868,2308720.9811413195,0.171455701984026,33283.10953253642,16076.890467463578,0.32570685712041286,5741.637907002453,0.11632167558756996,6140.340467463686,15287,0.3097042139384117,0.3833670988654781
integrated_moderate_asset,272.8,0.65,837,1359350.0,11609.34276527297,15287,125.0,0.6,30,0.525,13465408.0,11193259.320720658,2272148.6792793423,0.1687396831406328,33712.38820572705,15647.611794272947,0.3170099634171991,5097.358545526343,0.10326901429348344,5711.061794272967,15287,0.3097042139384117,0.3436588330632091
integrated_moderate_asset,272.8,0.65,837,1359350.0,11609.34276527297,15287,125.0,0.6,30,0.55,13465408.0,11238096.626501951,2227311.3734980486,0.16540986901385005,34154.817078663655,15205.182921336345,0.3080466556186456,4490.500219478481,0.09097447770418317,5268.632921336242,15287,0.3097042139384117,0.30567260940032415
integrated_moderate_asset,272.8,0.65,837,1359350.0,11609.34276527297,15287,125.0,0.6,30,0.575,13465408.0,11289724.432566559,2175683.567433441,0.16157576268267854,34604.05433754947,14755.945662450533,0.29894541455531876,3923.107274201324,0.07947948286469457,4819.395662450341,15287,0.3097042139384117,0.26952998379254456
integrated_moderate_asset,272.8,0.65,837,1359350.0,11609.34276527297,15287,125.0,0.6,30,0.6,13465408.0,11357487.883361204,2107920.1166387964,0.15654335291131144,35105.84548037067,14254.15451962933,0.2887794675775796,3370.105890463819,0.06827605126547445,4317.604519629024,15287,0.3097042139384117,0.23397487844408427
integrated_moderate_asset,272.8,0.65,837,1359350.0,11609.34276527297,15287,125.0,0.6,30,0.625,13465408.0,11418497.545305032,2046910.4546949677,0.1520125089930411,35558.651075348505,13801.348924651495,0.27960593445404164,2869.980255533063,0.0581438463438627,3864.798924651199,15287,0.3097042139384117,0.20135737439222043
integrated_moderate_asset,272.8,0.65,837,1359350.0,11609.34276527297,15287,125.0,0.6,30,0.65,13465408.0,11485344.713496681,1980063.2865033187,0.1470481463690754,36012.40381271491,13347.59618728509,0.27041321287044345,2414.487627035916,0.04891587575032245,3411.046187284828,15287,0.3097042139384117,0.17040113452188008
integrated_moderate_asset,272.8,0.65,837,1359350.0,11609.34276527297,15287,125.0,0.6,30,0.675,13465408.0,11549072.498193054,1916335.5018069465,0.1423154427854653,36428.77042060102,12931.229579398983,0.261977908820887,2015.6314195536856,0.040835320493389095,2994.6795793987844,15287,0.3097042139384117,0.14280794165316046
integrated_moderate_asset,272.8,0.65,837,1359350.0,11609.34276527297,15287,125.0,0.6,30,0.7,13465408.0,11617297.738165298,1848110.2618347015,0.13724873853318825,36845.27770943629,12514.72229056371,0.2535397546710638,1652.4478321763943,0.03347746823696099,2578.1722905635575,15287,0.3097042139384117,0.11774716369529983
integrated_moderate_asset,272.8,0.65,837,1359350.0,11609.34276527297,15287,125.0,0.6,30,0.725,13465408.0,11689970.079837702,1775437.9201622978,0.13185177308866525,37269.6240096114,12090.375990388602,0.2449427874876135,1307.7332000508272,0.026493784441872514,2153.82599038849,15287,0.3097042139384117,0.09288897893030794
integrated_moderate_asset,272.8,0.65,837,1359350.0,11609.34276527297,15287,125.0,0.6,30,0.75,13465408.0,11761196.098700877,1704211.9012991227,0.12656221789188435,37675.24047821712,11684.759521782878,0.23672527394211665,992.3239698694243,0.020103808141600978,1748.2095217828232,15287,0.3097042139384117,0.0715964343598055
integrated_moderate_asset,272.8,0.65,837,1359350.0,11609.34276527297,15287,125.0,0.6,30,0.775,13465408.0,11825097.17053596,1640310.8294640407,0.12181664524862824,38032.36414394838,11327.635856051616,0.22949019157316888,724.1458564567802,0.014670702116223261,1391.08585605159,15287,0.3097042139384117,0.05393030794165316
integrated_moderate_asset,272.8,0.65,837,1359350.0,11609.34276527297,15287,125.0,0.6,30,0.8,13465408.0,11894413.944912972,1570994.055087028,0.11666887888484538,38382.51115258826,10977.48884741174,0.2223964515277905,514.5192198152872,0.010423809153470163,1040.9388474117518,15287,0.3097042139384117,0.03853322528363047
integrated_moderate_asset,272.8,0.65,837,1359350.0,11609.34276527297,15287,125.0,0.6,30,0.825,13465408.0,11950510.725239005,1514897.274760995,0.11250288700951319,38671.17012324947,10688.829876750533,0.21654841727614532,333.3241248507232,0.006752919871367974,752.2798767505276,15287,0.3097042139384117,0.026195299837925446
integrated_moderate_asset,272.8,0.65,837,1359350.0,11609.34276527297,15287,125.0,0.6,30,0.85,13465408.0,11988591.692427933,1476816.3075720668,0.10967482809076909,38866.05971860171,10493.940281398289,0.21260008673821493,212.644809464487,0.004308039089637095,557.3902813982885,15287,0.3097042139384117,0.016997568881685576
integrated_moderate_asset,272.8,0.65,837,1359350.0,11609.34276527297,15287,125.0,0.6,30,0.875,13465408.0,12032320.299970241,1433087.7000297587,0.10642735073677372,39064.79208390282,10295.207916097177,0.20857390429694442,128.76015576868554,0.002608593107145169,358.6579160971788,15287,0.3097042139384117,0.010149918962722852
integrated_moderate_asset,272.8,0.65,837,1359350.0,11609.34276527297,15287,125.0,0.6,30,0.9,13465408.0,12061163.502028126,1404244.4979718737,0.10428532859694067,39198.43380519516,10161.566194804836,0.20586641399523575,67.84607968282691,0.001374515390656947,225.0161948048364,15287,0.3097042139384117,0.0059359805510534845
integrated_moderate_asset,272.8,0.65,837,1359350.0,11609.34276527297,15287,125.0,0.6,30,1.001,13465408.0,12114067.160010692,1351340.8399893083,0.10035647193083999,39423.450000000004,9936.549999999996,0.2013077390599675,0.0,0.0,0.0,15287,0.3097042139384117,0.0
integrated_strong_asset,579.8,0.75,755,3125000.0,10926.493763776987,14532,300.0,0.6,90,0.2,28618927.999999996,22881773.858718656,5737154.14128134,0.20046712236326047,24267.728633712584,25092.271366287416,0.5083523372424517,18954.48265631332,0.38400491605172854,14193.271366289022,14532,0.29440842787682336,0.963128038897893
integrated_strong_asset,579.8,0.75,755,3125000.0,10926.493763776987,14532,300.0,0.6,90,0.225,28618927.999999996,22766907.416683443,5852020.583316553,0.2044807752168968,24558.666696622055,24801.333303377945,0.5024581301332647,18009.308219945557,0.36485632536356477,13902.333303379317,14532,0.29440842787682336,0.9338735818476499
integrated_strong_asset,579.8,0.75,755,3125000.0,10926.493763776987,14532,300.0,0.6,90,0.25,28618927.999999996,22632501.347868662,5986426.652131334,0.2091771799464793,25048.008829431434,24311.991170568566,0.4925443916241606,16615.552761884876,0.3366197885308929,13412.991170569867,14532,0.29440842787682336,0.8877228525121555
integrated_strong_asset,579.8,0.75,755,3125000.0,10926.493763776987,14532,300.0,0.6,90,0.275,28618927.999999996,22491550.405755993,6127377.594244003,0.2141022750483178,25707.731061837814,23652.268938162186,0.47917886827719175,14870.693120343332,0.3012701199421259,12753.268938163252,14532,0.29440842787682336,0.8280591572123177
integrated_strong_asset,579.8,0.75,755,3125000.0,10926.493763776987,14532,300.0,0.6,90,0.3,28618927.999999996,22388549.05956433,6230378.940435667,0.2177013387935309,26352.61962095772,23007.38037904228,0.46611386505353075,13281.000677777152,0.26906403318025024,12108.380379043152,14532,0.29440842787682336,0.7726904376012966
integrated_strong_asset,579.8,0.75,755,3125000.0,10926.493763776987,14532,300.0,0.6,90,0.325,28618927.999999996,22336555.429936778,6282372.5700632185,0.21951809550879123,26966.567266374543,22393.432733625457,0.45367570367960813,11921.132429641544,0.24151402815319173,11494.432733626345,14532,0.29440842787682336,0.7213128038897894
integrated_strong_asset,579.8,0.75,755,3125000.0,10926.493763776987,14532,300.0,0.6,90,0.35,28618927.999999996,22323192.44217201,6295735.557827987,0.21998502382157667,27541.521510616247,21818.478489383753,0.44202752207017326,10765.394234386735,0.21809955904349138,10919.478489384703,14532,0.29440842787682336,0.6726904376012965
integrated_strong_asset,579.8,0.75,755,3125000.0,10926.493763776987,14532,300.0,0.6,90,0.375,28618927.999999996,22324998.332472097,6293929.667527899,0.21992192256564955,28087.870300481747,21272.129699518253,0.430958867494292,9715.503774172284,0.1968294929937659,10373.129699519066,14532,0.29440842787682336,0.6243922204213939
integrated_strong_asset,579.8,0.75,755,3125000.0,10926.493763776987,14532,300.0,0.6,90,0.4,28618927.999999996,22378611.56925057,6240316.4307494275,0.21804857368345273,28721.083856823792,20638.916143176208,0.41813039187958284,8670.423830208134,0.1756568847286899,9739.916143176777,14532,0.29440842787682336,0.5722649918962723
integrated_strong_asset,579.8,0.75,755,3125000.0,10926.493763776987,14532,300.0,0.6,90,0.425,28618927.999999996,22446975.838876054,6171952.161123943,0.2156597955424446,29350.805919120245,20009.194080879755,0.4053726515575315,7681.26188989356,0.15561713715343517,9110.194080880463,14532,0.29440842787682336,0.5209481361426256
integrated_strong_asset,579.8,0.75,755,3125000.0,10926.493763776987,14532,300.0,0.6,90,0.45,28618927.999999996,22525031.970016617,6093896.029983379,0.2129323652508361,29946.22639156799,19413.77360843201,0.39330983809627246,6790.69969394271,0.13757495328084907,8514.773608432544,14532,0.29440842787682336,0.4720421393841167
integrated_strong_asset,579.8,0.75,755,3125000.0,10926.493763776987,14532,300.0,0.6,90,0.475,28618927.999999996,22624230.257975746,5994697.74202425,0.2094661876232489,30518.4201743144,18841.5798256856,0.3817175815576499,6015.500803017266,0.12186995143876146,7942.579825685876,14532,0.29440842787682336,0.42518233387358184
integrated_strong_asset,579.8,0.75,755,3125000.0,10926.493763776987,14532,300.0,0.6,90,0.5,28618927.999999996,22738557.033461012,5880370.966538984,0.20547139174950876,31047.371776062922,18312.628223937078,0.37100138217052425,5374.302925654066,0.10887971891519582,7413.628223937328,14532,0.29440842787682336,0.3833670988654781
integrated_strong_asset,579.8,0.75,755,3125000.0,10926.493763776987,14532,300.0,0.6,90,0.525,28618927.999999996,22851761.523804814,5767166.476195183,0.20151581066192217,31550.606512068447,17809.393487931553,0.36080618897754363,4779.066227012296,0.09682062858614862,6910.393487931773,14532,0.29440842787682336,0.3436588330632091
integrated_strong_asset,579.8,0.75,755,3125000.0,10926.493763776987,14532,300.0,0.6,90,0.55,28618927.999999996,23001396.36817133,5617531.631828666,0.19628728343104487,32100.445392146048,17259.554607853952,0.3496668275497154,4215.19376600286,0.0853969563614842,6360.554607854132,14532,0.29440842787682336,0.30567260940032415
integrated_strong_asset,579.8,0.75,755,3125000.0,10926.493763776987,14532,300.0,0.6,90,0.575,28618927.999999996,23143899.163963437,5475028.836036559,0.19130796359795726,32610.93050266691,16749.06949733309,0.33932474670447915,3703.6055283748674,0.07503252691197057,5850.06949733319,14532,0.29440842787682336,0.26952998379254456
integrated_strong_asset,579.8,0.75,755,3125000.0,10926.493763776987,14532,300.0,0.6,90,0.6,28618927.999999996,23322208.997729525,5296719.002270471,0.18507747747471437,33186.606839375214,16173.393160624786,0.3276619359932088,3185.3811741824666,0.0645336542581537,5274.393160624781,14532,0.29440842787682336,0.23397487844408427
integrated_strong_asset,579.8,0.75,755,3125000.0,10926.493763776987,14532,300.0,0.6,90,0.625,28618927.999999996,23491210.93790639,5127717.062093608,0.17917222692945065,33717.222820862036,15642.777179137964,0.3169120174055503,2723.21715455002,0.055170525821515805,4743.777179137749,14532,0.29440842787682336,0.20135737439222043
integrated_strong_asset,579.8,0.75,755,3125000.0,10926.493763776987,14532,300.0,0.6,90,0.65,28618927.999999996,23683895.435752302,4935032.564247694,0.17243946259090118,34268.08389660546,15091.916103394542,0.3057519469893546,2300.867974981792,0.04661401894209465,4192.916103394214,14532,0.29440842787682336,0.17040113452188008
integrated_strong_asset,579.8,0.75,755,3125000.0,10926.493763776987,14532,300.0,0.6,90,0.675,28618927.999999996,23852433.198537447,4766494.80146255,0.16655043129017796,34751.07565308073,14608.924346919273,0.295966862781995,1929.1984495833021,0.03908424735784648,3709.9243469189955,14532,0.29440842787682336,0.14280794165316046
integrated_strong_asset,579.8,0.75,755,3125000.0,10926.493763776987,14532,300.0,0.6,90,0.7,28618927.999999996,24060608.73011577,4558319.269884225,0.15927638064864713,35282.09263816842,14077.907361831582,0.28520882013435134,1596.8380616627746,0.03235085214065589,3178.9073618313664,14532,0.29440842787682336,0.11774716369529983
integrated_strong_asset,579.8,0.75,755,3125000.0,10926.493763776987,14532,300.0,0.6,90,0.725,28618927.999999996,24261269.00144982,4357658.998550177,0.15226492755249874,35799.45540481036,13560.54459518964,0.2747274026578128,1265.8158591116062,0.025644567648128166,2661.5445951895,14532,0.29440842787682336,0.09288897893030794
integrated_strong_asset,579.8,0.75,755,3125000.0,10926.493763776987,14532,300.0,0.6,90,0.75,28618927.999999996,24461870.995379154,4157057.0046208426,0.14525551078016768,36300.5523802282,13059.447619771803,0.264575519039137,966.0357510509699,0.019571226723074753,2160.4476197717026,14532,0.29440842787682336,0.0715964343598055
integrated_strong_asset,579.8,0.75,755,3125000.0,10926.493763776987,14532,300.0,0.6,90,0.775,28618927.999999996,24648015.78655696,3970912.213443037,0.1387512562819627,36755.675563236386,12604.324436763614,0.25535503315971664,706.9169832814783,0.014321656873611798,1705.3244367635682,14532,0.29440842787682336,0.05393030794165316
integrated_strong_asset,579.8,0.75,755,3125000.0,10926.493763776987,14532,300.0,0.6,90,0.8,28618927.999999996,24834547.97454096,3784380.025459036,0.13223346539950892,37181.05891249587,12178.941087504129,0.24673705606774976,506.56672355880613,0.010262696992682459,1279.9410875041165,14532,0.29440842787682336,0.03853322528363047
integrated_strong_asset,579.8,0.75,755,3125000.0,10926.493763776987,14532,300.0,0.6,90,0.825,28618927.999999996,24995761.427452743,3623166.572547253,0.12660035947353632,37551.3143879928,11808.685612007197,0.23923593217194483,328.36448428616154,0.006652440929622397,909.6856120072098,14532,0.29440842787682336,0.026195299837925446
integrated_strong_asset,579.8,0.75,755,3125000.0,10926.493763776987,14532,300.0,0.6,90,0.85,28618927.999999996,25094232.058364056,3524695.94163594,0.1231596075728602,37781.90164476405,11578.098355235947,0.23456439131353216,210.9516157371316,0.0042737361373000726,679.0983552359581,14532,0.29440842787682336,0.016997568881685576
integrated_strong_asset,579.8,0.75,755,3125000.0,10926.493763776987,14532,300.0,0.6,90,0.875,28618927.999999996,25203347.986826308,3415580.013173688,0.1193468886456435,38012.87585980039,11347.124140199609,0.22988501094407635,128.2752110168588,0.002598768456581418,448.12414019961955,14532,0.29440842787682336,0.010149918962722852
integrated_strong_asset,579.8,0.75,755,3125000.0,10926.493763776987,14532,300.0,0.6,90,0.9,28618927.999999996,25287014.46542713,3331913.534572866,0.11642342209927871,38189.64594340137,11170.354056598633,0.22630376938003713,65.52582478007918,0.0013275086057552507,271.3540565986342,14532,0.29440842787682336,0.0059359805510534845
integrated_strong_asset,579.8,0.75,755,3125000.0,10926.493763776987,14532,300.0,0.6,90,1.001,28618927.999999996,25424687.800009266,3194240.1999907307,0.11161285286404617,38461.0,10899.0,0.2208063209076175,0.0,0.0,0.0,14532,0.29440842787682336,0.0
integrated_full_resurfacing_stress,579.8,0.85,0,0.0,0.0,0,300.0,0.6,90,0.2,28618927.999999996,22254518.739236332,6364409.260763664,0.22238461415339053,25890.718383479263,23469.281616520737,0.4754716697026081,24143.600734965767,0.489132916024428,23469.281616522967,0,0.0,0.963128038897893
integrated_full_resurfacing_stress,579.8,0.85,0,0.0,0.0,0,300.0,0.6,90,0.225,28618927.999999996,22160285.85608931,6458642.143910687,0.22567729105404258,26248.80988692924,23111.19011307076,0.468216979600299,23137.419612140697,0.46874837139669157,23111.19011307277,0,0.0,0.9338735818476499
integrated_full_resurfacing_stress,579.8,0.85,0,0.0,0.0,0,300.0,0.6,90,0.25,28618927.999999996,22058685.849151053,6560242.150848944,0.22922738932950054,26869.078623352503,22490.921376647497,0.4556507572254355,21599.980211084,0.43760089568646676,22490.921376649636,0,0.0,0.8877228525121555
integrated_full_resurfacing_stress,579.8,0.85,0,0.0,0.0,0,300.0,0.6,90,0.275,28618927.999999996,21971035.58169319,6647892.418306805,0.23229005706666603,27735.530371442324,21624.469628557676,0.43809703461421545,19633.250241079877,0.39775628527309315,21624.46962856007,0,0.0,0.8280591572123177
integrated_full_resurfacing_stress,579.8,0.85,0,0.0,0.0,0,300.0,0.6,90,0.3,28618927.999999996,21926441.88338988,6692486.116610117,0.23384824604926216,28569.73093053938,20790.26906946062,0.42119669913818114,17872.372966185576,0.36208211033601245,20790.26906946262,0,0.0,0.7726904376012966
integrated_full_resurfacing_stress,579.8,0.85,0,0.0,0.0,0,300.0,0.6,90,0.325,28618927.999999996,21939533.601907223,6679394.398092773,0.2333907964020446,29391.015782597293,19968.984217402707,0.40455802709486843,16328.74217049723,0.33080920118511403,19968.98421740482,0,0.0,0.7213128038897894
integrated_full_resurfacing_stress,579.8,0.85,0,0.0,0.0,0,300.0,0.6,90,0.35,28618927.999999996,22006509.143941842,6612418.856058154,0.231050543055217,30228.343178550567,19131.656821449433,0.387594344032606,14933.719230032173,0.3025469860217215,19131.65682145186,0,0.0,0.6726904376012965
integrated_full_resurfacing_stress,579.8,0.85,0,0.0,0.0,0,300.0,0.6,90,0.375,28618927.999999996,22090806.327380553,6528121.672619443,0.22810503847731278,31066.594605435937,18293.405394564063,0.3706119407326593,13594.649250465507,0.2754183397582153,18293.40539456593,0,0.0,0.6243922204213939
integrated_full_resurfacing_stress,579.8,0.85,0,0.0,0.0,0,300.0,0.6,90,0.4,28618927.999999996,22267205.42975971,6351722.570240285,0.221941316957794,32083.862292521622,17276.137707478378,0.3500027898597726,12216.606908485659,0.24750013996121675,17276.137707480197,0,0.0,0.5722649918962723
integrated_full_resurfacing_stress,579.8,0.85,0,0.0,0.0,0,300.0,0.6,90,0.425,28618927.999999996,22483784.20394084,6135143.796059158,0.21437364097142836,33145.610125178035,16214.389874821965,0.3284925015158421,10886.531511172887,0.22055371781144423,16214.389874823612,0,0.0,0.5209481361426256
integrated_full_resurfacing_stress,579.8,0.85,0,0.0,0.0,0,300.0,0.6,90,0.45,28618927.999999996,22686654.700771954,5932273.299228042,0.2072849583753816,34131.73029065745,15228.269709342552,0.3085143782281716,9656.924927457392,0.19564272543471217,15228.269709344337,0,0.0,0.4720421393841167
integrated_full_resurfacing_stress,579.8,0.85,0,0.0,0.0,0,300.0,0.6,90,0.475,28618927.999999996,22931313.805813182,5687614.194186814,0.19873610200168276,35135.92432066701,14224.075679332993,0.2881700907482373,8531.682948926618,0.1728460889166657,14224.075679334259,0,0.0,0.42518233387358184
integrated_full_resurfacing_stress,579.8,0.85,0,0.0,0.0,0,300.0,0.6,90,0.5,28618927.999999996,23211975.84011705,5406952.159882948,0.1889292345220949,36106.56114706963,13253.438852930369,0.26850564937055044,7591.305623443074,0.15379468442955985,13253.438852931691,0,0.0,0.3833670988654781
integrated_full_resurfacing_stress,579.8,0.85,0,0.0,0.0,0,300.0,0.6,90,0.525,28618927.999999996,23483001.859907378,5135926.140092619,0.17945906779221849,37024.26882124284,12335.73117875716,0.24991351658746272,6721.102657789919,0.1361649647040097,12335.731178758337,0,0.0,0.3436588330632091
integrated_full_resurfacing_stress,579.8,0.85,0,0.0,0.0,0,300.0,0.6,90,0.55,28618927.999999996,23806376.65700383,4812551.342996165,0.16815973480894064,38007.55503582302,11352.444964176982,0.2299928072159032,5898.654157396748,0.1195027179375354,11352.444964178047,0,0.0,0.30567260940032415
integrated_full_resurfacing_stress,579.8,0.85,0,0.0,0.0,0,300.0,0.6,90,0.575,28618927.999999996,24108379.31438927,4510548.6856107265,0.15760718520311898,38919.37390474461,10440.626095255393,0.2115199776186263,5143.0877480090585,0.1041954568073148,10440.626095256475,0,0.0,0.26952998379254456
integrated_full_resurfacing_stress,579.8,0.85,0,0.0,0.0,0,300.0,0.6,90,0.6,28618927.999999996,24482565.993782528,4136362.0062174685,0.14453238801318724,39937.786498309295,9422.213501690705,0.1908876317198279,4422.124606822142,0.0895892343359429,9422.213501691374,0,0.0,0.23397487844408427
integrated_full_resurfacing_stress,579.8,0.85,0,0.0,0.0,0,300.0,0.6,90,0.625,28618927.999999996,24861751.058312085,3757176.9416879117,0.1312829377008081,40934.07308043666,8425.926919563339,0.1707035437512832,3760.58495419257,0.07618689129239405,8425.926919563775,0,0.0,0.20135737439222043
integrated_full_resurfacing_stress,579.8,0.85,0,0.0,0.0,0,300.0,0.6,90,0.65,28618927.999999996,25257826.111241817,3361101.888758179,0.11744331893766878,41928.192090354525,7431.807909645475,0.15056336932020817,3159.5344574551227,0.0640100173714571,7431.8079096458705,0,0.0,0.17040113452188008
integrated_full_resurfacing_stress,579.8,0.85,0,0.0,0.0,0,300.0,0.6,90,0.675,28618927.999999996,25608991.389124304,3009936.610875692,0.10517293348219377,42816.288432091285,6543.711567908715,0.1325711419754602,2613.6911872645364,0.0529516042800757,6543.7115679089175,0,0.0,0.14280794165316046
integrated_full_resurfacing_stress,579.8,0.85,0,0.0,0.0,0,300.0,0.6,90,0.7,28618927.999999996,25994612.230948642,2624315.7690513544,0.09169860482025584,43718.8825632157,5641.117436784298,0.11428519928655384,2154.6804025891283,0.04365235823721897,5641.117436784425,0,0.0,0.11774716369529983
integrated_full_resurfacing_stress,579.8,0.85,0,0.0,0.0,0,300.0,0.6,90,0.725,28618927.999999996,26403150.455810208,2215777.5441897884,0.07742349902797857,44670.51605039541,4689.48394960459,0.09500575262570077,1677.2841659026726,0.033980635451836966,4689.483949604454,0,0.0,0.09288897893030794
integrated_full_resurfacing_stress,579.8,0.85,0,0.0,0.0,0,300.0,0.6,90,0.75,28618927.999999996,26762517.512994777,1856410.4870052189,0.06486652774014523,45491.694524909246,3868.305475090754,0.07836923571901852,1288.110091438234,0.026096233619089016,3868.3054750905176,0,0.0,0.0715964343598055
integrated_full_resurfacing_stress,579.8,0.85,0,0.0,0.0,0,300.0,0.6,90,0.775,28618927.999999996,27101407.07491353,1517520.9250864647,0.053025079244284234,46250.341907462825,3109.6580925371745,0.06299955616971585,951.529456483159,0.01927733906975606,3109.658092536975,0,0.0,0.05393030794165316
integrated_full_resurfacing_stress,579.8,0.85,0,0.0,0.0,0,300.0,0.6,90,0.8,28618927.999999996,27436040.607037775,1182887.392962221,0.04133234455749779,46967.88958906147,2392.110410938527,0.04846252858465411,680.1940775926854,0.013780268994989575,2392.110410938415,0,0.0,0.03853322528363047
integrated_full_resurfacing_stress,579.8,0.85,0,0.0,0.0,0,300.0,0.6,90,0.825,28618927.999999996,27747303.916344766,871624.0836552307,0.030456210087786335,47626.05655191298,1733.9434480870186,0.035128513940174605,445.7210917434302,0.009030005910523302,1733.94344808697,0,0.0,0.026195299837925446
integrated_full_resurfacing_stress,579.8,0.85,0,0.0,0.0,0,300.0,0.6,90,0.85,28618927.999999996,27997074.843052935,621853.1569470614,0.021728736902621282,48140.7404973899,1219.2595026100971,0.024701367556930656,283.57834214382103,0.0057451041763334895,1219.2595026100912,0,0.0,0.016997568881685576
integrated_full_resurfacing_stress,579.8,0.85,0,0.0,0.0,0,300.0,0.6,90,0.875,28618927.999999996,28222286.170091115,396641.82990888134,0.013859423033206603,48590.64954146672,769.3504585332776,0.015586516582927017,164.7585530841099,0.0033378961321740255,769.3504585332927,0,0.0,0.010149918962722852
integrated_full_resurfacing_stress,579.8,0.85,0,0.0,0.0,0,300.0,0.6,90,0.9,28618927.999999996,28381757.52246036,237170.4775396362,0.008287189427208323,48905.91419315262,454.0858068473826,0.009199469344557995,87.0282441559709,0.0017631329853316632,454.0858068473912,0,0.0,0.0059359805510534845
integrated_full_resurfacing_stress,579.8,0.85,0,0.0,0.0,0,300.0,0.6,90,1.001,28618927.999999996,28618928.00002409,-2.409517765045166e-05,-8.419315234467085e-13,49360.0,0.0,0.0,0.0,0.0,0.0,0,0.0,0.0
