scenario,event_cost,intervention_premium,effectiveness,suppression_horizon_days,threshold,baseline_cost,policy_cost,cost_saving,cost_saving_pct,expected_events,expected_prevented_events,event_reduction_pct,expected_interventions,intervention_rate,nominal_flagged_rate_before_suppression
repair_only_14d_conservative,87.8,30.86,0.5,14,0.2,4333808.0,3796598.6003773552,537209.3996226448,0.12395782176382636,32468.150498842228,16891.849501157478,0.3422173723897442,30651.166123842275,0.6209717610178743,0.963128038897893
repair_only_14d_conservative,87.8,30.86,0.5,14,0.225,4333808.0,3777503.3181113736,556304.6818886264,0.12836394272395696,32680.236753026376,16679.7632469734,0.3379206492498708,29428.986753026424,0.5962112389186877,0.9338735818476499
repair_only_14d_conservative,87.8,30.86,0.5,14,0.25,4333808.0,3752313.4436485264,581494.5563514736,0.13417635399433328,33056.75040030164,16303.249599698072,0.33029273905385664,27541.50221985502,0.5579720871121358,0.8877228525121555
repair_only_14d_conservative,87.8,30.86,0.5,14,0.275,4333808.0,3727757.640509761,606050.3594902391,0.13984245713936544,33613.517934987416,15746.48206501231,0.31901300780009284,25161.722806886097,0.5097593761524736,0.8280591572123177
repair_only_14d_conservative,87.8,30.86,0.5,14,0.3,4333808.0,3709762.5443008123,624045.4556991877,0.14399471681698583,34165.38117955543,15194.618820444311,0.3078326341257004,23008.492441297658,0.46613639467782936,0.7726904376012966
repair_only_14d_conservative,87.8,30.86,0.5,14,0.325,4333808.0,3698861.827968943,634946.1720310571,0.1465099912204364,34723.24988823319,14636.750111766525,0.2965305938364426,21068.06506107117,0.42682465682883247,0.7213128038897894
repair_only_14d_conservative,87.8,30.86,0.5,14,0.35,4333808.0,3695300.298747156,638507.7012528442,0.1473317925604559,35305.76097629227,14054.239023707427,0.2847293157153105,19295.349482542315,0.3909106459186044,0.6726904376012965
repair_only_14d_conservative,87.8,30.86,0.5,14,0.375,4333808.0,3693599.2829291467,640208.7170708533,0.1477242916785546,35887.346267096276,13472.653732903296,0.2729467936163639,17585.556729768756,0.35627140862578516,0.6243922204213939
repair_only_14d_conservative,87.8,30.86,0.5,14,0.4,4333808.0,3702759.42595705,631048.5740429498,0.1456106440439793,36612.15105278394,12747.848947215605,0.2582627420424647,15820.23861066828,0.32050726520802836,0.5722649918962723
repair_only_14d_conservative,87.8,30.86,0.5,14,0.425,4333808.0,3717250.236798829,616557.7632011711,0.14226697703293986,37372.4672889357,11987.532711063845,0.24285925265527344,14126.62374701549,0.2861957809362944,0.5209481361426256
repair_only_14d_conservative,87.8,30.86,0.5,14,0.45,4333808.0,3734421.648575284,599386.351424716,0.13830477755930026,38124.016855063135,11235.98314493644,0.2276333700351877,12544.81428073219,0.25414939790786445,0.4720421393841167
repair_only_14d_conservative,87.8,30.86,0.5,14,0.475,4333808.0,3758484.9908228903,575323.0091771097,0.13275230678818944,38906.53689612084,10453.463103878887,0.21178004667502356,11098.219421458536,0.2248423707750919,0.42518233387358184
repair_only_14d_conservative,87.8,30.86,0.5,14,0.5,4333808.0,3782708.073330208,551099.9266697918,0.1271629769177111,39623.12852717908,9736.871472820618,0.19726238802311433,9844.374227046852,0.19944032064519554,0.3833670988654781
repair_only_14d_conservative,87.8,30.86,0.5,14,0.525,4333808.0,3813149.0245225085,520658.9754774915,0.12013891143250728,40368.41766215642,8991.58233784328,0.18216333747657176,8710.36791276792,0.1764661246508898,0.3436588330632091
repair_only_14d_conservative,87.8,30.86,0.5,14,0.55,4333808.0,3844127.8753748788,489680.12462512124,0.11299072885211371,41103.331085560705,8256.66891443907,0.1672744917836162,7623.311926946077,0.1544431103514197,0.30567260940032415
repair_only_14d_conservative,87.8,30.86,0.5,14,0.575,4333808.0,3878791.862669767,455016.1373302331,0.1049922233126694,41849.582743179846,7510.417256820055,0.15215594118355255,6623.412113466038,0.13418582077524388,0.26952998379254456
repair_only_14d_conservative,87.8,30.86,0.5,14,0.6,4333808.0,3918403.4468193846,415404.5531806154,0.09585208970508509,42637.02208519816,6722.977914801649,0.1362029561345592,5666.652875634459,0.11480252989534966,0.23397487844408427
repair_only_14d_conservative,87.8,30.86,0.5,14,0.625,4333808.0,3956791.4022688433,377016.59773115674,0.0869943010237548,43379.080546604484,5980.919453395395,0.12116935683540349,4799.356133510574,0.09723168828019801,0.20135737439222043
repair_only_14d_conservative,87.8,30.86,0.5,14,0.65,4333808.0,3997141.737169298,336666.2628307021,0.07768370514584451,44123.03858748549,5236.96141251442,0.10609727334915942,3990.244627068121,0.0808396399324984,0.17040113452188008
repair_only_14d_conservative,87.8,30.86,0.5,14,0.675,4333808.0,4033161.0929408194,300646.90705918055,0.06937245652303484,44780.63940205867,4579.360597941331,0.09277472848341436,3286.4858536421066,0.06658196624072339,0.14280794165316046
repair_only_14d_conservative,87.8,30.86,0.5,14,0.7,4333808.0,4072852.085100982,260955.91489901813,0.06021399999700451,45446.59539410741,3913.4046058926256,0.07928291340949328,2677.9329067326235,0.05425309778631733,0.11774716369529983
repair_only_14d_conservative,87.8,30.86,0.5,14,0.725,4333808.0,4112848.1066294266,220959.8933705734,0.05098515978801401,46116.71579749823,3243.28420250181,0.0657067301965512,2067.4160600318774,0.04188444205899265,0.09288897893030794
repair_only_14d_conservative,87.8,30.86,0.5,14,0.75,4333808.0,4149965.648411316,183842.35158868413,0.04242051138137272,46710.87182955144,2649.1281704485773,0.053669533436964324,1579.750543754029,0.03200467065952247,0.0715964343598055
repair_only_14d_conservative,87.8,30.86,0.5,14,0.775,4333808.0,4183192.2923490456,150615.70765095437,0.03475366413347208,47235.71075902031,2124.2892409796746,0.04303665399067446,1163.2173593874872,0.023565991883863192,0.05393030794165316
repair_only_14d_conservative,87.8,30.86,0.5,14,0.8,4333808.0,4218792.119538789,115015.88046121132,0.026539219195038478,47761.9218645332,1598.0781354667968,0.03237597519179092,819.6817834245361,0.016606194964030308,0.03853322528363047
repair_only_14d_conservative,87.8,30.86,0.5,14,0.825,4333808.0,4247125.184561037,86682.81543896254,0.02000153570231135,48184.95736943569,1175.0426305643082,0.023805563828288336,534.2167053904876,0.010822866802886702,0.026195299837925446
repair_only_14d_conservative,87.8,30.86,0.5,14,0.85,4333808.0,4272028.40838856,61779.59161144029,0.014255267333356783,48539.89155098862,820.108449011383,0.01661483891838288,331.36520465256285,0.0067132334816159414,0.016997568881685576
repair_only_14d_conservative,87.8,30.86,0.5,14,0.875,4333808.0,4292969.063997691,40838.936002309434,0.009423337628780379,48827.49580224215,532.5041977578528,0.010788172563975917,191.6698822001351,0.003883101341169674,0.010149918962722852
repair_only_14d_conservative,87.8,30.86,0.5,14,0.9,4333808.0,4307453.114263201,26354.885736798868,0.006081230579850069,49024.1631232987,335.83687670130297,0.006803826513397521,101.47738306795931,0.0020558627039700024,0.0059359805510534845
repair_only_14d_good_fix,87.8,30.86,0.75,14,0.2,4333808.0,3332921.8610231886,1000886.1389768114,0.23094842664391488,28560.453635447244,20799.546364552036,0.4213846508215712,26743.81178974407,0.5418114219964358,0.963128038897893
repair_only_14d_good_fix,87.8,30.86,0.75,14,0.225,4333808.0,3322238.958888332,1011569.0411116681,0.23341344173799763,28842.28033468657,20517.719665312685,0.4156750337381165,25595.811584686573,0.5185537193007814,0.9338735818476499
repair_only_14d_good_fix,87.8,30.86,0.75,14,0.25,4333808.0,3311790.4081787756,1022017.5918212244,0.23582438165724565,29341.6033183025,20018.396681696668,0.40555908998576784,23836.605211678903,0.4829133956985191,0.8877228525121555
repair_only_14d_good_fix,87.8,30.86,0.75,14,0.275,4333808.0,3309138.4192411005,1024669.5807588995,0.23643631207448496,30082.013528161093,19277.986471837838,0.39055888314098275,21644.122860310472,0.43849519571131423,0.8280591572123177
repair_only_14d_good_fix,87.8,30.86,0.75,14,0.3,4333808.0,3311956.601237903,1021851.3987620971,0.23578603361341738,30806.745617491637,18553.254382507155,0.37587630434579344,19673.5040836946,0.3985718007231483,0.7726904376012966
repair_only_14d_good_fix,87.8,30.86,0.75,14,0.325,4333808.0,3321864.244351065,1011943.7556489352,0.23349990485248429,31536.61271172276,17823.38728827604,0.36108969384678363,17918.005452447913,0.363006593445055,0.7213128038897894
repair_only_14d_good_fix,87.8,30.86,0.75,14,0.35,4333808.0,3338394.2363044657,995413.7636955343,0.22968570912590827,32286.314797808944,17073.68520218959,0.34590123991472965,16320.667435439726,0.3306456125494272,0.6726904376012965
repair_only_14d_good_fix,87.8,30.86,0.75,14,0.375,4333808.0,3356411.70546088,977396.29453912,0.22552828702589503,33025.462993744746,16334.537006253573,0.33092660061295087,14801.557181172746,0.2998694728762712,0.6243922204213939
repair_only_14d_good_fix,87.8,30.86,0.75,14,0.4,4333808.0,3389427.7051851354,944380.2948148646,0.21791004465700017,33944.66145751404,15415.338542484527,0.3123042654474465,13256.203150240332,0.2685616521523568,0.5722649918962723
repair_only_14d_good_fix,87.8,30.86,0.75,14,0.425,4333808.0,3428889.098768438,904918.9012315618,0.20880456661475585,34910.902209443266,14449.097790555274,0.2927288855461251,11785.867944927506,0.23877366176919582,0.5209481361426256
repair_only_14d_good_fix,87.8,30.86,0.75,14,0.45,4333808.0,3470287.2880049837,863520.7119950163,0.19925218468262007,35861.827330820255,13498.172669178639,0.2734637898942412,10421.8680609286,0.2111399526120057,0.4720421393841167
repair_only_14d_good_fix,87.8,30.86,0.75,14,0.475,4333808.0,3516342.3338116314,817465.6661883686,0.18862526124562246,36825.55777547229,12534.442224526965,0.2539392671095565,9172.338338516152,0.1858253310072154,0.42518233387358184
repair_only_14d_good_fix,87.8,30.86,0.75,14,0.5,4333808.0,3559926.0716631156,773881.9283368844,0.1785685771812882,37699.45122077552,11660.548779223936,0.23623478077845386,8098.323217129159,0.16406651574410777,0.3833670988654781
repair_only_14d_good_fix,87.8,30.86,0.75,14,0.525,4333808.0,3609211.449619131,724596.5503808688,0.16719627412678845,38597.30919107097,10762.690808928743,0.2180447894839755,7140.8847260151315,0.14466946365508776,0.3436588330632091
repair_only_14d_good_fix,87.8,30.86,0.75,14,0.55,4333808.0,3658818.308123428,674989.6918765721,0.15574979137898404,39484.78985934641,9875.210140653566,0.2000650352644568,6223.388155369541,0.12608160768576865,0.30567260940032415
repair_only_14d_good_fix,87.8,30.86,0.75,14,0.575,4333808.0,3712780.423133912,621027.576866088,0.14329835951802386,40393.40590646769,8966.594093532367,0.1816570926566513,5386.888676218109,0.10913469765433771,0.26952998379254456
repair_only_14d_good_fix,87.8,30.86,0.75,14,0.6,4333808.0,3771551.180245375,562256.8197546252,0.12973736255843019,41341.631851579965,8018.368148420302,0.16244668047852584,4593.515997371935,0.09306150724011213,0.23397487844408427
repair_only_14d_good_fix,87.8,30.86,0.75,14,0.625,4333808.0,3828588.1273123873,505219.87268761266,0.11657643178645954,42242.14903506707,7117.85096493305,0.14420281533494586,3879.6967607228617,0.07860001541172734,0.20135737439222043
repair_only_14d_good_fix,87.8,30.86,0.75,14,0.65,4333808.0,3886807.9847614462,447000.01523855375,0.10314255159401473,43138.51523190246,6221.484768097686,0.1260430463552987,3216.019034445373,0.06515435645148648,0.17040113452188008
repair_only_14d_good_fix,87.8,30.86,0.75,14,0.675,4333808.0,3937910.859290274,395897.14070972614,0.09135087219132139,43924.27255977121,5435.727440228848,0.11012413776800623,2636.413757132267,0.05341194807804431,0.14280794165316046
repair_only_14d_good_fix,87.8,30.86,0.75,14,0.7,4333808.0,3993191.655632124,340616.3443678762,0.07859516258400838,44724.43995319815,4635.56004680184,0.09391329106162587,2151.193381213431,0.04358171355780857,0.11774716369529983
repair_only_14d_good_fix,87.8,30.86,0.75,14,0.725,4333808.0,4048371.12382455,285436.87617545016,0.06586283383469,45528.67080306357,3831.3291969364195,0.07762012149384986,1651.128558608712,0.03345074065252658,0.09288897893030794
repair_only_14d_good_fix,87.8,30.86,0.75,14,0.75,4333808.0,4097349.377582857,236458.62241714308,0.05456139783237815,46224.317948106946,3135.6820518930213,0.06352678387141521,1259.0493111571022,0.025507481992647938,0.0715964343598055
repair_only_14d_good_fix,87.8,30.86,0.75,14,0.775,4333808.0,4142165.3886357187,191642.61136428127,0.044220374175386004,46851.72592496159,2508.2740750383787,0.050815925345186606,926.2427876684574,0.01876504837253763,0.05393030794165316
repair_only_14d_good_fix,87.8,30.86,0.75,14,0.8,4333808.0,4189061.591479536,144746.40852046385,0.033399358836492955,47481.52969076526,1878.4703092347327,0.03805652976569572,654.0273698594641,0.013250149308335983,0.03853322528363047
repair_only_14d_good_fix,87.8,30.86,0.75,14,0.825,4333808.0,4226652.817259174,107155.18274082616,0.024725410710586662,47990.67228887617,1369.3277111238415,0.027741647308019198,423.58361307420813,0.008581515661957214,0.026195299837925446
repair_only_14d_good_fix,87.8,30.86,0.75,14,0.85,4333808.0,4257384.162032144,76423.83796785586,0.01763433866194715,48397.49428108364,962.5057189163646,0.019499710674966846,261.9625455837254,0.005307182852182443,0.016997568881685576
repair_only_14d_good_fix,87.8,30.86,0.75,14,0.875,4333808.0,4283921.070411603,49886.92958839703,0.011511107457551658,48738.08579373847,621.914206261527,0.012599558473693847,152.8560507184174,0.0030967595364347123,0.010149918962722852
repair_only_14d_good_fix,87.8,30.86,0.75,14,0.9,4333808.0,4302232.00610319,31575.993896810338,0.00728596972842598,48972.38647813858,387.6135218614182,0.007852786099299468,79.60056145443757,0.0016126531899197237,0.0059359805510534845
authority_plus_admin_14d,155.3,75.0,0.6,14,0.2,7665608.000000001,6962912.758022496,702695.2419775054,0.09166855935987143,30825.74972307818,18534.250276923944,0.3754912941029542,29008.984347081572,0.5877022760753965,0.963128038897893
authority_plus_admin_14d,155.3,75.0,0.6,14,0.225,7665608.000000001,6911015.658905043,754592.3410949577,0.09843868106678004,31066.914715186733,18293.08528481547,0.3706054555270111,27817.650715189724,0.5635666676497108,0.9338735818476499
authority_plus_admin_14d,155.3,75.0,0.6,14,0.25,7665608.000000001,6839800.888777815,825807.1112221861,0.10772884697758951,31494.2692178136,17865.730782188573,0.36194754420961106,25983.211723387165,0.5264021824024953,0.8877228525121555
authority_plus_admin_14d,155.3,75.0,0.6,14,0.275,7665608.000000001,6765300.259522285,900307.7404777156,0.11744766240038827,32126.618467538556,17233.38153246377,0.3491365788586192,23680.48548688358,0.47975051634691207,0.8280591572123177
authority_plus_admin_14d,155.3,75.0,0.6,14,0.3,7665608.000000001,6706292.385499712,959315.6145002889,0.12514540457851336,32750.043955463,16609.95604453944,0.33650640284718397,21602.8074562545,0.4376581737490782,0.7726904376012966
authority_plus_admin_14d,155.3,75.0,0.6,14,0.325,7665608.000000001,6664167.005554335,1001440.9944456657,0.13064077819341474,33379.01622733789,15980.983772664353,0.32376385276868136,19738.743806021266,0.3998935130879511,0.7213128038897894
authority_plus_admin_14d,155.3,75.0,0.6,14,0.35,7665608.000000001,6637981.343196772,1027626.6568032289,0.13405677107454866,34031.072460400355,15328.927539601887,0.31055363735007385,18039.41053465958,0.36546617776863005,0.6726904376012965
authority_plus_admin_14d,155.3,75.0,0.6,14,0.375,7665608.000000001,6616306.269205976,1049301.7307940247,0.13688434508965558,34678.76760771691,14681.232392285328,0.2974317745600302,16409.248796406137,0.33244021062411133,0.6243922204213939
authority_plus_admin_14d,155.3,75.0,0.6,14,0.4,7665608.000000001,6615936.670364186,1049671.3296358148,0.13693256029212747,35484.62761762006,13875.372382381853,0.2811055993188804,14735.653351345136,0.298534306145566,0.5722649918962723
authority_plus_admin_14d,155.3,75.0,0.6,14,0.425,7665608.000000001,6627259.236891861,1038348.7631081399,0.1354554998257333,36330.45444281204,13029.545557189691,0.26396972360591486,13135.195492352846,0.2661101193750577,0.5209481361426256
authority_plus_admin_14d,155.3,75.0,0.6,14,0.45,7665608.000000001,6645091.134775119,1020516.865224882,0.13312927888105966,37165.18891003459,12194.811089966954,0.24705857151469637,11644.497294003435,0.23590958861433214,0.4720421393841167
authority_plus_admin_14d,155.3,75.0,0.6,14,0.475,7665608.000000001,6676299.338625709,989308.6613742923,0.1290580814169329,38024.412160037115,11335.58783996414,0.22965129335419135,10281.441735675715,0.20829501085242536,0.42518233387358184
authority_plus_admin_14d,155.3,75.0,0.6,14,0.5,7665608.000000001,6709494.796542416,956113.2034575846,0.12472764110264763,38807.15337152763,10552.84662847343,0.213793489231612,9103.251705974326,0.18442568286009575,0.3833670988654781
authority_plus_admin_14d,155.3,75.0,0.6,14,0.525,7665608.000000001,6755886.380185292,909721.6198147088,0.118675729285232,39617.359450838085,9742.640549162837,0.19737926558269683,8044.139432989104,0.16296878916104343,0.3436588330632091
authority_plus_admin_14d,155.3,75.0,0.6,14,0.55,7665608.000000001,6803842.424012688,861765.575987313,0.1124197292618293,40416.62730748354,8943.37269251729,0.18118664287918274,7028.53604219661,0.1423933557981485,0.30567260940032415
authority_plus_admin_14d,155.3,75.0,0.6,14,0.575,7665608.000000001,6860539.886281117,805068.1137188841,0.1050233867579563,41231.20643999203,8128.793560008649,0.1646838241492701,6097.780348730588,0.12353687902614643,0.26952998379254456
authority_plus_admin_14d,155.3,75.0,0.6,14,0.6,7665608.000000001,6926818.891413214,738789.1085867872,0.09637710519332415,42086.72331378129,7273.276686219143,0.14735163464786696,5210.010143834256,0.1055512589917799,0.23397487844408427
authority_plus_admin_14d,155.3,75.0,0.6,14,0.625,7665608.000000001,6992178.929548418,673429.0704515828,0.08785070544327113,42895.16756076438,6464.832439235801,0.13097310452260175,4407.458764886347,0.08929211436155485,0.20135737439222043
authority_plus_admin_14d,155.3,75.0,0.6,14,0.65,7665608.000000001,7061714.455960529,603893.544039472,0.07877960157100022,43703.942877071204,5656.05712292888,0.11458786715820089,3659.8950287516855,0.07414698194391584,0.17040113452188008
authority_plus_admin_14d,155.3,75.0,0.6,14,0.675,7665608.000000001,7123505.824347498,542102.175652503,0.07071874476916938,44416.1352580202,4943.864741979683,0.10015933431887764,3009.0669170946912,0.06096164742898483,0.14280794165316046
authority_plus_admin_14d,155.3,75.0,0.6,14,0.7,7665608.000000001,7194070.78381219,471537.2161878105,0.06151334847644316,45139.17042386676,4220.829576132934,0.08551113403835578,2452.7682265462367,0.04969141463829491,0.11774716369529983
authority_plus_admin_14d,155.3,75.0,0.6,14,0.725,7665608.000000001,7264766.87382552,400841.12617448065,0.05229084583694869,45866.37100228651,3493.628997713247,0.07077854533455201,1889.592762344801,0.038281863094505694,0.09288897893030794
authority_plus_admin_14d,155.3,75.0,0.6,14,0.75,7665608.000000001,7330340.787024548,335267.21297545265,0.04373654548673146,46504.33717230849,2855.6628276913534,0.05785378500185387,1442.8963222747386,0.029232097290817233,0.0715964343598055
authority_plus_admin_14d,155.3,75.0,0.6,14,0.775,7665608.000000001,7389950.315049926,275657.6849500751,0.03596031586145223,47072.212755488974,2287.7872445109274,0.04634901224698189,1061.8089883757657,0.021511527317175157,0.05393030794165316
authority_plus_admin_14d,155.3,75.0,0.6,14,0.8,7665608.000000001,7454949.416951964,210658.58304803725,0.027481001252351703,47641.98642515071,1718.0135748492437,0.03480578555205207,748.6523350920778,0.015167186691492663,0.03853322528363047
authority_plus_admin_14d,155.3,75.0,0.6,14,0.825,7665608.000000001,7506646.975767577,158961.02423242386,0.020736910135820127,48101.42315340113,1258.5768465988556,0.025497910182311043,486.61280067100313,0.009858444097872834,0.026195299837925446
authority_plus_admin_14d,155.3,75.0,0.6,14,0.85,7665608.000000001,7551328.5943644075,114279.40563559346,0.014908068040472908,48478.56284641997,881.4371535800403,0.017857316725689444,301.43712428553977,0.006106910945817256,0.016997568881685576
authority_plus_admin_14d,155.3,75.0,0.6,14,0.875,7665608.000000001,7590046.938308535,75561.06169146579,0.009857151799500545,48789.03224627287,570.9677537271349,0.01156741802526595,174.80307291271544,0.0035413912664650615,0.010149918962722852
authority_plus_admin_14d,155.3,75.0,0.6,14,0.9,7665608.000000001,7616869.170350024,48738.829649977386,0.006358116622970726,49001.761396003,358.23860399700015,0.007257670259258522,91.94167409223019,0.0018626757312040151,0.0059359805510534845
moderate_asset_30d,272.8,125.0,0.6,30,0.2,13465408.0,11282890.461290043,2182517.538709957,0.16208328323285542,28932.973680465835,20427.02631953495,0.41383764828877967,27119.801930068195,0.549428726297978,0.963128038897893
moderate_asset_30d,272.8,125.0,0.6,30,0.225,13465408.0,11217847.431113305,2247560.5688866954,0.16691366268936636,29219.137761175865,20140.8622388251,0.408040158809241,25974.933198912608,0.5262344651319409,0.9338735818476499
moderate_asset_30d,272.8,125.0,0.6,30,0.25,13465408.0,11134858.629992824,2330549.370007176,0.17307677346331993,29718.39915914698,19641.600840854295,0.39792546274013413,24221.434715015428,0.4907097794776221,0.8877228525121555
moderate_asset_30d,272.8,125.0,0.6,30,0.275,13465408.0,11057572.369181639,2407835.6308183614,0.17881638869155406,30443.335772675273,18916.664227326095,0.38323874042392075,22021.0429631606,0.4461313404205956,0.8280591572123177
moderate_asset_30d,272.8,125.0,0.6,30,0.3,13465408.0,11002336.151123734,2463071.848876266,0.18291847145487652,31148.825233656877,18211.174766344735,0.3689460041803712,20039.49301904902,0.4059864874199558,0.7726904376012966
moderate_asset_30d,272.8,125.0,0.6,30,0.325,13465408.0,10977214.424621478,2488193.5753785223,0.184784120568684,31863.773849506488,17496.226150495346,0.35446163189816676,18278.215347799713,0.3703042007252778,0.7213128038897894
moderate_asset_30d,272.8,125.0,0.6,30,0.35,13465408.0,10978061.951708479,2487346.048291521,0.184721179506148,32596.740924254642,16763.25907574732,0.33961221790407936,16685.36822056345,0.3380342021994216,0.6726904376012965
moderate_asset_30d,272.8,125.0,0.6,30,0.375,13465408.0,10983839.986342207,2481568.0136577934,0.18429207742222095,33316.310262790576,16043.689737211256,0.32503423292563666,15161.204373211685,0.307155680170415,0.6243922204213939
moderate_asset_30d,272.8,125.0,0.6,30,0.4,13465408.0,11027581.676791893,2437826.3232081067,0.18104362847439207,34194.999568476385,15165.000431525705,0.307232585727788,13593.486356079356,0.27539478030954934,0.5722649918962723
moderate_asset_30d,272.8,125.0,0.6,30,0.425,13465408.0,11093842.904193504,2371565.095806496,0.17612278037223203,35120.660330961444,14239.339669040399,0.28847932878927385,12103.41412724309,0.2452069312650545,0.5209481361426256
moderate_asset_30d,272.8,125.0,0.6,30,0.45,13465408.0,11172258.092893012,2293149.907106988,0.17029932602911016,36034.731044499065,13325.268955502233,0.26996087835293625,10735.867711612898,0.21750137179118514,0.4720421393841167
moderate_asset_30d,272.8,125.0,0.6,30,0.475,13465408.0,11260335.665017743,2205072.3349822573,0.1637583008982912,36937.00062758527,12422.999372415868,0.25168151078636,9471.375150481053,0.19188361325934064,0.42518233387358184
moderate_asset_30d,272.8,125.0,0.6,30,0.5,13465408.0,11361505.729744898,2103902.270255102,0.1562449700933757,37796.84056626099,11563.159433740311,0.23426173893312424,8404.220986130713,0.17026379631545205,0.3833670988654781
moderate_asset_30d,272.8,125.0,0.6,30,0.525,13465408.0,11469336.926972212,1996071.0730277877,0.1482369545005831,38636.50156825217,10723.498431749114,0.21725077860105005,7434.394393200807,0.15061576971638588,0.3436588330632091
moderate_asset_30d,272.8,125.0,0.6,30,0.55,13465408.0,11587817.944581212,1877590.0554187875,0.1394380367396805,39493.75627435417,9866.243725646722,0.19988338179995602,6511.3698634729235,0.13191592105901384,0.30567260940032415
moderate_asset_30d,272.8,125.0,0.6,30,0.575,13465408.0,11712722.54701445,1752685.4529855493,0.13016207551865858,40343.76896989127,9016.231030109255,0.18266270320317518,5655.538976195263,0.11457736985808879,0.26952998379254456
moderate_asset_30d,272.8,125.0,0.6,30,0.6,13465408.0,11865529.296953266,1599878.7030467335,0.11881397897833719,41276.61515789974,8083.38484210065,0.1637638744347703,4842.14945499158,0.09809865184342746,0.23397487844408427
moderate_asset_30d,272.8,125.0,0.6,30,0.625,13465408.0,12014219.728505371,1451188.2714946289,0.10777157821691172,42161.71420791392,7198.285792086434,0.14583237018002587,4100.032740653839,0.08306387237953483,0.20135737439222043
moderate_asset_30d,272.8,125.0,0.6,30,0.65,13465408.0,12168638.77951453,1296769.2204854693,0.09630374515836945,43034.47737393921,6325.5226260610325,0.12815078253769832,3430.6668151894637,0.06950297437579951,0.17040113452188008
moderate_asset_30d,272.8,125.0,0.6,30,0.675,13465408.0,12313639.304577697,1151768.695422303,0.08553537296621855,43841.17302142534,5518.826978574683,0.11180767784794692,2830.1384346162904,0.057336678172939436,0.14280794165316046
moderate_asset_30d,272.8,125.0,0.6,30,0.7,13465408.0,12450499.432636673,1014908.5673633274,0.07537154220379563,44579.72562658505,4780.274373414765,0.09684510480986523,2313.202253584297,0.04686390303047604,0.11774716369529983
moderate_asset_30d,272.8,125.0,0.6,30,0.725,13465408.0,12608771.466223681,856636.5337763187,0.06361756983348137,45398.70307204927,3961.2969279504514,0.08025317925345889,1792.0421452946925,0.03630555399705617,0.09288897893030794
moderate_asset_30d,272.8,125.0,0.6,30,0.75,13465408.0,12751344.765635932,714063.2343640681,0.05302945401758848,46115.54997812788,3244.4500218719118,0.06573034890340604,1368.1818527631458,0.027718432997632613,0.0715964343598055
moderate_asset_30d,272.8,125.0,0.6,30,0.775,13465408.0,12881742.140360713,583665.859639287,0.0433455755398787,46759.896763050645,2600.1032369492173,0.052676321656186284,1005.1384271418788,0.02036342032297161,0.05393030794165316
moderate_asset_30d,272.8,125.0,0.6,30,0.8,13465408.0,13015319.102532396,450088.8974676039,0.03342556701346175,47383.755267478715,1976.2447325212427,0.04003737302514759,712.2453244477531,0.014429605438568742,0.03853322528363047
moderate_asset_30d,272.8,125.0,0.6,30,0.825,13465408.0,13126187.872244772,339220.12775522843,0.025191968023191607,47904.418971412604,1455.581028587368,0.029489080806065555,462.8990146777876,0.009378018935935728,0.026195299837925446
moderate_asset_30d,272.8,125.0,0.6,30,0.85,13465408.0,13222266.180553481,243141.81944651902,0.018056773285036666,48335.69487048511,1024.305129514913,0.020751724666022906,290.30895900901265,0.005881461892403012,0.016997568881685576
moderate_asset_30d,272.8,125.0,0.6,30,0.875,13465408.0,13303097.437667923,162310.56233207695,0.012053891150723167,48687.40862195719,672.5913780428216,0.013626243477366472,169.37892470984096,0.0034315017161637147,0.010149918962722852
moderate_asset_30d,272.8,125.0,0.6,30,0.9,13465408.0,13367595.123817593,97812.87618240714,0.007264011323118255,48959.93413398211,400.0658660178853,0.008105062115435348,90.6007364622665,0.0018355092476147995,0.0059359805510534845
strong_asset_90d,579.8,300.0,0.6,90,0.2,28618927.999999996,22254518.739236332,6364409.260763664,0.22238461415339053,25890.718383479263,23469.281616522967,0.4754716697026081,24143.600734965767,0.489132916024428,0.963128038897893
strong_asset_90d,579.8,300.0,0.6,90,0.225,28618927.999999996,22160285.85608931,6458642.143910687,0.22567729105404258,26248.80988692924,23111.19011307277,0.468216979600299,23137.419612140697,0.46874837139669157,0.9338735818476499
strong_asset_90d,579.8,300.0,0.6,90,0.25,28618927.999999996,22058685.849151053,6560242.150848944,0.22922738932950054,26869.078623352503,22490.921376649636,0.4556507572254355,21599.980211084,0.43760089568646676,0.8877228525121555
strong_asset_90d,579.8,300.0,0.6,90,0.275,28618927.999999996,21971035.58169319,6647892.418306805,0.23229005706666603,27735.530371442324,21624.46962856007,0.43809703461421545,19633.250241079877,0.39775628527309315,0.8280591572123177
strong_asset_90d,579.8,300.0,0.6,90,0.3,28618927.999999996,21926441.88338988,6692486.116610117,0.23384824604926216,28569.73093053938,20790.26906946262,0.42119669913818114,17872.372966185576,0.36208211033601245,0.7726904376012966
strong_asset_90d,579.8,300.0,0.6,90,0.325,28618927.999999996,21939533.601907223,6679394.398092773,0.2333907964020446,29391.015782597293,19968.98421740482,0.40455802709486843,16328.74217049723,0.33080920118511403,0.7213128038897894
strong_asset_90d,579.8,300.0,0.6,90,0.35,28618927.999999996,22006509.143941842,6612418.856058154,0.231050543055217,30228.343178550567,19131.65682145186,0.387594344032606,14933.719230032173,0.3025469860217215,0.6726904376012965
strong_asset_90d,579.8,300.0,0.6,90,0.375,28618927.999999996,22090806.327380553,6528121.672619443,0.22810503847731278,31066.594605435937,18293.40539456593,0.3706119407326593,13594.649250465507,0.2754183397582153,0.6243922204213939
strong_asset_90d,579.8,300.0,0.6,90,0.4,28618927.999999996,22267205.42975971,6351722.570240285,0.221941316957794,32083.862292521622,17276.137707480197,0.3500027898597726,12216.606908485659,0.24750013996121675,0.5722649918962723
strong_asset_90d,579.8,300.0,0.6,90,0.425,28618927.999999996,22483784.20394084,6135143.796059158,0.21437364097142836,33145.610125178035,16214.389874823612,0.3284925015158421,10886.531511172887,0.22055371781144423,0.5209481361426256
strong_asset_90d,579.8,300.0,0.6,90,0.45,28618927.999999996,22686654.700771954,5932273.299228042,0.2072849583753816,34131.73029065745,15228.269709344337,0.3085143782281716,9656.924927457392,0.19564272543471217,0.4720421393841167
strong_asset_90d,579.8,300.0,0.6,90,0.475,28618927.999999996,22931313.805813182,5687614.194186814,0.19873610200168276,35135.92432066701,14224.075679334259,0.2881700907482373,8531.682948926618,0.1728460889166657,0.42518233387358184
strong_asset_90d,579.8,300.0,0.6,90,0.5,28618927.999999996,23211975.84011705,5406952.159882948,0.1889292345220949,36106.56114706963,13253.438852931691,0.26850564937055044,7591.305623443074,0.15379468442955985,0.3833670988654781
strong_asset_90d,579.8,300.0,0.6,90,0.525,28618927.999999996,23483001.859907378,5135926.140092619,0.17945906779221849,37024.26882124284,12335.731178758337,0.24991351658746272,6721.102657789919,0.1361649647040097,0.3436588330632091
strong_asset_90d,579.8,300.0,0.6,90,0.55,28618927.999999996,23806376.65700383,4812551.342996165,0.16815973480894064,38007.55503582302,11352.444964178047,0.2299928072159032,5898.654157396748,0.1195027179375354,0.30567260940032415
strong_asset_90d,579.8,300.0,0.6,90,0.575,28618927.999999996,24108379.31438927,4510548.6856107265,0.15760718520311898,38919.37390474461,10440.626095256475,0.2115199776186263,5143.0877480090585,0.1041954568073148,0.26952998379254456
strong_asset_90d,579.8,300.0,0.6,90,0.6,28618927.999999996,24482565.993782528,4136362.0062174685,0.14453238801318724,39937.786498309295,9422.213501691374,0.1908876317198279,4422.124606822142,0.0895892343359429,0.23397487844408427
strong_asset_90d,579.8,300.0,0.6,90,0.625,28618927.999999996,24861751.058312085,3757176.9416879117,0.1312829377008081,40934.07308043666,8425.926919563775,0.1707035437512832,3760.58495419257,0.07618689129239405,0.20135737439222043
strong_asset_90d,579.8,300.0,0.6,90,0.65,28618927.999999996,25257826.111241817,3361101.888758179,0.11744331893766878,41928.192090354525,7431.8079096458705,0.15056336932020817,3159.5344574551227,0.0640100173714571,0.17040113452188008
strong_asset_90d,579.8,300.0,0.6,90,0.675,28618927.999999996,25608991.389124304,3009936.610875692,0.10517293348219377,42816.288432091285,6543.7115679089175,0.1325711419754602,2613.6911872645364,0.0529516042800757,0.14280794165316046
strong_asset_90d,579.8,300.0,0.6,90,0.7,28618927.999999996,25994612.230948642,2624315.7690513544,0.09169860482025584,43718.8825632157,5641.117436784425,0.11428519928655384,2154.6804025891283,0.04365235823721897,0.11774716369529983
strong_asset_90d,579.8,300.0,0.6,90,0.725,28618927.999999996,26403150.455810208,2215777.5441897884,0.07742349902797857,44670.51605039541,4689.483949604454,0.09500575262570077,1677.2841659026726,0.033980635451836966,0.09288897893030794
strong_asset_90d,579.8,300.0,0.6,90,0.75,28618927.999999996,26762517.512994777,1856410.4870052189,0.06486652774014523,45491.694524909246,3868.3054750905176,0.07836923571901852,1288.110091438234,0.026096233619089016,0.0715964343598055
strong_asset_90d,579.8,300.0,0.6,90,0.775,28618927.999999996,27101407.07491353,1517520.9250864647,0.053025079244284234,46250.341907462825,3109.658092536975,0.06299955616971585,951.529456483159,0.01927733906975606,0.05393030794165316
strong_asset_90d,579.8,300.0,0.6,90,0.8,28618927.999999996,27436040.607037775,1182887.392962221,0.04133234455749779,46967.88958906147,2392.110410938415,0.04846252858465411,680.1940775926854,0.013780268994989575,0.03853322528363047
strong_asset_90d,579.8,300.0,0.6,90,0.825,28618927.999999996,27747303.916344766,871624.0836552307,0.030456210087786335,47626.05655191298,1733.94344808697,0.035128513940174605,445.7210917434302,0.009030005910523302,0.026195299837925446
strong_asset_90d,579.8,300.0,0.6,90,0.85,28618927.999999996,27997074.843052935,621853.1569470614,0.021728736902621282,48140.7404973899,1219.2595026100912,0.024701367556930656,283.57834214382103,0.0057451041763334895,0.016997568881685576
strong_asset_90d,579.8,300.0,0.6,90,0.875,28618927.999999996,28222286.170091115,396641.82990888134,0.013859423033206603,48590.64954146672,769.3504585332927,0.015586516582927017,164.7585530841099,0.0033378961321740255,0.010149918962722852
strong_asset_90d,579.8,300.0,0.6,90,0.9,28618927.999999996,28381757.52246036,237170.4775396362,0.008287189427208323,48905.91419315262,454.0858068473912,0.009199469344557995,87.0282441559709,0.0017631329853316632,0.0059359805510534845
medium_patch_premium_90d_stress,579.8,1240.2,0.6,90,0.2,28618927.999999996,44954332.150240004,-16335404.150240008,-0.5707902179368847,25890.718383479263,23469.281616522967,0.4754716697026081,24143.600734965767,0.489132916024428,0.963128038897893
medium_patch_premium_90d_stress,579.8,1240.2,0.6,90,0.225,28618927.999999996,43914087.77541317,-15295159.775413174,-0.5344420928489416,26248.80988692924,23111.19011307277,0.468216979600299,23137.419612140697,0.46874837139669157,0.9338735818476499
medium_patch_premium_90d_stress,579.8,1240.2,0.6,90,0.25,28618927.999999996,42366987.243602015,-13748059.243602019,-0.48038344565533764,26869.078623352503,22490.921376649636,0.4556507572254355,21599.980211084,0.43760089568646676,0.8877228525121555
medium_patch_premium_90d_stress,579.8,1240.2,0.6,90,0.275,28618927.999999996,40430217.45834624,-11811289.458346244,-0.41270901056623244,27735.530371442324,21624.46962856007,0.43809703461421545,19633.250241079877,0.39775628527309315,0.8280591572123177
medium_patch_premium_90d_stress,579.8,1240.2,0.6,90,0.3,28618927.999999996,38730046.94618765,-10111118.946187656,-0.3533018059302451,28569.73093053938,20790.26906946262,0.42119669913818114,17872.372966185576,0.36208211033601245,0.7726904376012966
medium_patch_premium_90d_stress,579.8,1240.2,0.6,90,0.325,28618927.999999996,37291816.99060063,-8672888.990600634,-0.30304730458809065,29391.015782597293,19968.98421740482,0.40455802709486843,16328.74217049723,0.33080920118511403,0.7213128038897894
medium_patch_premium_90d_stress,579.8,1240.2,0.6,90,0.35,28618927.999999996,36047191.964011334,-7428263.964011338,-0.25955772920674525,30228.343178550567,19131.65682145186,0.387594344032606,14933.719230032173,0.3025469860217215,0.6726904376012965
medium_patch_premium_90d_stress,579.8,1240.2,0.6,90,0.375,28618927.999999996,34872495.55266252,-6253567.552662525,-0.21851159318974234,31066.594605435937,18293.40539456593,0.3706119407326593,13594.649250465507,0.2754183397582153,0.6243922204213939
medium_patch_premium_90d_stress,579.8,1240.2,0.6,90,0.4,28618927.999999996,33753259.24511486,-5134331.245114867,-0.1794033391158071,32083.862292521622,17276.137707480197,0.3500027898597726,12216.606908485659,0.24750013996121675,0.5722649918962723
medium_patch_premium_90d_stress,579.8,1240.2,0.6,90,0.425,28618927.999999996,32719301.13074325,-4100373.130743254,-0.1432748679735053,33145.610125178035,16214.389874823612,0.3284925015158421,10886.531511172887,0.22055371781144423,0.5209481361426256
medium_patch_premium_90d_stress,579.8,1240.2,0.6,90,0.45,28618927.999999996,31766095.517565638,-3147167.5175656416,-0.10996804344193611,34131.73029065745,15228.269709344337,0.3085143782281716,9656.924927457392,0.19564272543471217,0.4720421393841167
medium_patch_premium_90d_stress,579.8,1240.2,0.6,90,0.475,28618927.999999996,30952802.114392456,-2333874.1143924594,-0.08155001872860017,35135.92432066701,14224.075679334259,0.2881700907482373,8531.682948926618,0.1728460889166657,0.42518233387358184
medium_patch_premium_90d_stress,579.8,1240.2,0.6,90,0.5,28618927.999999996,30349321.387276925,-1730393.3872769289,-0.06046324961147843,36106.56114706963,13253.438852931691,0.26850564937055044,7591.305623443074,0.15379468442955985,0.3833670988654781
medium_patch_premium_90d_stress,579.8,1240.2,0.6,90,0.525,28618927.999999996,29802182.578760326,-1183254.5787603296,-0.04134517473052554,37024.26882124284,12335.731178758337,0.24991351658746272,6721.102657789919,0.1361649647040097,0.3436588330632091
medium_patch_premium_90d_stress,579.8,1240.2,0.6,90,0.55,28618927.999999996,29352291.29578718,-733363.2957871854,-0.02562511411284118,38007.55503582302,11352.444964178047,0.2299928072159032,5898.654157396748,0.1195027179375354,0.30567260940032415
medium_patch_premium_90d_stress,579.8,1240.2,0.6,90,0.575,28618927.999999996,28943910.415066224,-324982.4150662273,-0.011355506225328474,38919.37390474461,10440.626095256475,0.2115199776186263,5143.0877480090585,0.1041954568073148,0.26952998379254456
medium_patch_premium_90d_stress,579.8,1240.2,0.6,90,0.6,28618927.999999996,28640247.54911569,-21319.54911569506,-0.0007449457616195499,39937.786498309295,9422.213501691374,0.1908876317198279,4422.124606822142,0.0895892343359429,0.23397487844408427
medium_patch_premium_90d_stress,579.8,1240.2,0.6,90,0.625,28618927.999999996,28397453.032243077,221474.96775691956,0.007738758340526228,40934.07308043666,8425.926919563775,0.1707035437512832,3760.58495419257,0.07618689129239405,0.20135737439222043
medium_patch_premium_90d_stress,579.8,1240.2,0.6,90,0.65,28618927.999999996,28228420.408140447,390507.5918595493,0.013645081040755591,41928.192090354525,7431.8079096458705,0.15056336932020817,3159.5344574551227,0.0640100173714571,0.17040113452188008
medium_patch_premium_90d_stress,579.8,1240.2,0.6,90,0.675,28618927.999999996,28066383.84338977,552544.1566102281,0.019306948066336663,42816.288432091285,6543.7115679089175,0.1325711419754602,2613.6911872645364,0.0529516042800757,0.14280794165316046
medium_patch_premium_90d_stress,579.8,1240.2,0.6,90,0.7,28618927.999999996,28020442.745462365,598485.2545376308,0.02091221776502708,43718.8825632157,5641.117436784425,0.11428519928655384,2154.6804025891283,0.04365235823721897,0.11774716369529983
medium_patch_premium_90d_stress,579.8,1240.2,0.6,90,0.725,28618927.999999996,27980133.028591383,638794.971408613,0.022320716254941943,44670.51605039541,4689.483949604454,0.09500575262570077,1677.2841659026726,0.033980635451836966,0.09288897893030794
medium_patch_premium_90d_stress,579.8,1240.2,0.6,90,0.75,28618927.999999996,27973598.620964598,645329.3790353984,0.022549040936662563,45491.694524909246,3868.3054750905176,0.07836923571901852,1288.110091438234,0.026096233619089016,0.0715964343598055
medium_patch_premium_90d_stress,579.8,1240.2,0.6,90,0.775,28618927.999999996,27996035.069898732,622892.9301012643,0.021765068562360698,46250.341907462825,3109.658092536975,0.06299955616971585,951.529456483159,0.01927733906975606,0.05393030794165316
medium_patch_premium_90d_stress,579.8,1240.2,0.6,90,0.8,28618927.999999996,28075559.078790236,543368.92120976,0.018986347818819773,46967.88958906147,2392.110410938415,0.04846252858465411,680.1940775926854,0.013780268994989575,0.03853322528363047
medium_patch_premium_90d_stress,579.8,1240.2,0.6,90,0.825,28618927.999999996,28166370.886801846,452557.11319814995,0.015813209816878886,47626.05655191298,1733.94344808697,0.035128513940174605,445.7210917434302,0.009030005910523302,0.026195299837925446
medium_patch_premium_90d_stress,579.8,1240.2,0.6,90,0.85,28618927.999999996,28263695.2003365,355232.7996634953,0.012412512434550145,48140.7404973899,1219.2595026100912,0.024701367556930656,283.57834214382103,0.0057451041763334895,0.016997568881685576
medium_patch_premium_90d_stress,579.8,1240.2,0.6,90,0.875,28618927.999999996,28377192.161700822,241735.83829917386,0.008446711850953114,48590.64954146672,769.3504585332927,0.015586516582927017,164.7585530841099,0.0033378961321740255,0.010149918962722852
medium_patch_premium_90d_stress,579.8,1240.2,0.6,90,0.9,28618927.999999996,28463581.47761581,155346.52238418534,0.005428104168827895,48905.91419315262,454.0858068473912,0.009199469344557995,87.0282441559709,0.0017631329853316632,0.0059359805510534845
